grad_norm,loss,loss_q0,loss_q1,loss_q2,loss_q3,mse,mse_q0,mse_q1,mse_q2,mse_q3,samples,step

1.85,0.96,0.94,0.985,0.955,0.965,0.96,0.94,0.985,0.955,0.965,128,0
1.24,1.02,1.01,1.02,1.02,1.02,1.02,1.01,1.02,1.02,1.02,3.85e+04,300
1.06,0.975,0.991,0.972,0.97,0.965,0.975,0.991,0.972,0.97,0.965,7.69e+04,600
1.17,0.917,0.945,0.917,0.903,0.905,0.917,0.945,0.917,0.903,0.905,1.15e+05,900
1.3,0.878,0.922,0.87,0.858,0.863,0.878,0.922,0.87,0.858,0.863,1.54e+05,1.2e+03
1.66,0.82,0.885,0.806,0.794,0.794,0.82,0.885,0.806,0.794,0.794,1.92e+05,1.5e+03
1.89,0.753,0.834,0.733,0.72,0.725,0.753,0.834,0.733,0.72,0.725,2.31e+05,1.8e+03
2.14,0.711,0.817,0.681,0.666,0.68,0.711,0.817,0.681,0.666,0.68,2.69e+05,2.1e+03
2.36,0.692,0.793,0.654,0.652,0.669,0.692,0.793,0.654,0.652,0.669,3.07e+05,2.4e+03
2.5,0.675,0.783,0.636,0.631,0.649,0.675,0.783,0.636,0.631,0.649,3.46e+05,2.7e+03
2.74,0.649,0.78,0.605,0.597,0.617,0.649,0.78,0.605,0.597,0.617,3.84e+05,3e+03
2.86,0.612,0.743,0.567,0.567,0.574,0.612,0.743,0.567,0.567,0.574,4.23e+05,3.3e+03
3.02,0.593,0.729,0.546,0.545,0.555,0.593,0.729,0.546,0.545,0.555,4.61e+05,3.6e+03
3.01,0.595,0.725,0.54,0.548,0.569,0.595,0.725,0.54,0.548,0.569,4.99e+05,3.9e+03
3.11,0.592,0.725,0.544,0.538,0.558,0.592,0.725,0.544,0.538,0.558,5.38e+05,4.2e+03
3.05,0.586,0.716,0.534,0.534,0.559,0.586,0.716,0.534,0.534,0.559,5.76e+05,4.5e+03
3.1,0.585,0.719,0.533,0.536,0.554,0.585,0.719,0.533,0.536,0.554,6.15e+05,4.8e+03
3.03,0.583,0.717,0.532,0.538,0.551,0.583,0.717,0.532,0.538,0.551,6.53e+05,5.1e+03
3.18,0.584,0.724,0.526,0.535,0.553,0.584,0.724,0.526,0.535,0.553,6.91e+05,5.4e+03
3.11,0.58,0.707,0.533,0.531,0.55,0.58,0.707,0.533,0.531,0.55,7.3e+05,5.7e+03
3.14,0.583,0.722,0.528,0.535,0.548,0.583,0.722,0.528,0.535,0.548,7.68e+05,6e+03
3.14,0.58,0.709,0.528,0.528,0.55,0.58,0.709,0.528,0.528,0.55,8.07e+05,6.3e+03
3.1,0.579,0.716,0.525,0.526,0.548,0.579,0.716,0.525,0.526,0.548,8.45e+05,6.6e+03
3.2,0.574,0.712,0.522,0.525,0.534,0.574,0.712,0.522,0.525,0.534,8.83e+05,6.9e+03
3.23,0.574,0.718,0.52,0.524,0.535,0.574,0.718,0.52,0.524,0.535,9.22e+05,7.2e+03
3.12,0.561,0.701,0.51,0.51,0.521,0.561,0.701,0.51,0.51,0.521,9.6e+05,7.5e+03
3.24,0.546,0.698,0.498,0.482,0.504,0.546,0.698,0.498,0.482,0.504,9.99e+05,7.8e+03
3.34,0.511,0.671,0.457,0.448,0.465,0.511,0.671,0.457,0.448,0.465,1.04e+06,8.1e+03
3.51,0.484,0.646,0.431,0.421,0.438,0.484,0.646,0.431,0.421,0.438,1.08e+06,8.4e+03
3.62,0.484,0.644,0.423,0.423,0.445,0.484,0.644,0.423,0.423,0.445,1.11e+06,8.7e+03
3.6,0.478,0.635,0.417,0.417,0.442,0.478,0.635,0.417,0.417,0.442,1.15e+06,9e+03
3.61,0.482,0.649,0.421,0.417,0.441,0.482,0.649,0.421,0.417,0.441,1.19e+06,9.3e+03
3.64,0.476,0.64,0.412,0.412,0.439,0.476,0.64,0.412,0.412,0.439,1.23e+06,9.6e+03
3.67,0.479,0.645,0.419,0.418,0.434,0.479,0.645,0.419,0.418,0.434,1.27e+06,9.9e+03
3.73,0.474,0.637,0.419,0.412,0.428,0.474,0.637,0.419,0.412,0.428,1.31e+06,1.02e+04
3.69,0.475,0.647,0.413,0.416,0.424,0.475,0.647,0.413,0.416,0.424,1.34e+06,1.05e+04
3.66,0.473,0.636,0.413,0.414,0.431,0.473,0.636,0.413,0.414,0.431,1.38e+06,1.08e+04
3.67,0.475,0.641,0.416,0.414,0.43,0.475,0.641,0.416,0.414,0.43,1.42e+06,1.11e+04
3.69,0.473,0.636,0.415,0.409,0.43,0.473,0.636,0.415,0.409,0.43,1.46e+06,1.14e+04
3.7,0.475,0.641,0.415,0.414,0.43,0.475,0.641,0.415,0.414,0.43,1.5e+06,1.17e+04
3.6,0.47,0.635,0.413,0.41,0.425,0.47,0.635,0.413,0.41,0.425,1.54e+06,1.2e+04
3.64,0.47,0.634,0.416,0.411,0.423,0.47,0.634,0.416,0.411,0.423,1.57e+06,1.23e+04
3.63,0.47,0.633,0.409,0.408,0.428,0.47,0.633,0.409,0.408,0.428,1.61e+06,1.26e+04
3.69,0.469,0.63,0.415,0.407,0.423,0.469,0.63,0.415,0.407,0.423,1.65e+06,1.29e+04
3.64,0.469,0.631,0.416,0.406,0.423,0.469,0.631,0.416,0.406,0.423,1.69e+06,1.32e+04
3.58,0.465,0.622,0.414,0.409,0.417,0.465,0.622,0.414,0.409,0.417,1.73e+06,1.35e+04
3.58,0.471,0.636,0.414,0.408,0.427,0.471,0.636,0.414,0.408,0.427,1.77e+06,1.38e+04
3.67,0.467,0.633,0.412,0.407,0.416,0.467,0.633,0.412,0.407,0.416,1.8e+06,1.41e+04
3.62,0.465,0.627,0.414,0.402,0.42,0.465,0.627,0.414,0.402,0.42,1.84e+06,1.44e+04
3.66,0.467,0.635,0.411,0.403,0.424,0.467,0.635,0.411,0.403,0.424,1.88e+06,1.47e+04
3.69,0.466,0.634,0.41,0.401,0.422,0.466,0.634,0.41,0.401,0.422,1.92e+06,1.5e+04
3.68,0.462,0.623,0.407,0.401,0.415,0.462,0.623,0.407,0.401,0.415,1.96e+06,1.53e+04
3.62,0.461,0.623,0.408,0.399,0.414,0.461,0.623,0.408,0.399,0.414,2e+06,1.56e+04
3.61,0.46,0.632,0.407,0.394,0.408,0.46,0.632,0.407,0.394,0.408,2.04e+06,1.59e+04
3.71,0.454,0.62,0.402,0.39,0.402,0.454,0.62,0.402,0.39,0.402,2.07e+06,1.62e+04
3.73,0.448,0.627,0.394,0.379,0.393,0.448,0.627,0.394,0.379,0.393,2.11e+06,1.65e+04
3.82,0.443,0.618,0.392,0.377,0.383,0.443,0.618,0.392,0.377,0.383,2.15e+06,1.68e+04
3.83,0.432,0.616,0.372,0.365,0.375,0.432,0.616,0.372,0.365,0.375,2.19e+06,1.71e+04
3.96,0.418,0.617,0.361,0.339,0.354,0.418,0.617,0.361,0.339,0.354,2.23e+06,1.74e+04
3.92,0.404,0.606,0.348,0.324,0.334,0.404,0.606,0.348,0.324,0.334,2.27e+06,1.77e+04
3.87,0.392,0.598,0.33,0.313,0.327,0.392,0.598,0.33,0.313,0.327,2.3e+06,1.8e+04
4.09,0.386,0.593,0.324,0.309,0.319,0.386,0.593,0.324,0.309,0.319,2.34e+06,1.83e+04
4.02,0.379,0.581,0.317,0.298,0.318,0.379,0.581,0.317,0.298,0.318,2.38e+06,1.86e+04
4.05,0.378,0.583,0.31,0.3,0.319,0.378,0.583,0.31,0.3,0.319,2.42e+06,1.89e+04
4.08,0.376,0.582,0.309,0.297,0.314,0.376,0.582,0.309,0.297,0.314,2.46e+06,1.92e+04
4.21,0.371,0.578,0.308,0.292,0.309,0.371,0.578,0.308,0.292,0.309,2.5e+06,1.95e+04
4.19,0.371,0.576,0.305,0.291,0.308,0.371,0.576,0.305,0.291,0.308,2.53e+06,1.98e+04
4.27,0.37,0.578,0.307,0.291,0.308,0.37,0.578,0.307,0.291,0.308,2.57e+06,2.01e+04
4.31,0.37,0.571,0.306,0.291,0.311,0.37,0.571,0.306,0.291,0.311,2.61e+06,2.04e+04
4.37,0.371,0.581,0.304,0.291,0.312,0.371,0.581,0.304,0.291,0.312,2.65e+06,2.07e+04
4.32,0.371,0.581,0.303,0.288,0.308,0.371,0.581,0.303,0.288,0.308,2.69e+06,2.1e+04
4.22,0.37,0.577,0.308,0.289,0.309,0.37,0.577,0.308,0.289,0.309,2.73e+06,2.13e+04
4.39,0.369,0.575,0.308,0.289,0.307,0.369,0.575,0.308,0.289,0.307,2.76e+06,2.16e+04
4.35,0.372,0.581,0.304,0.291,0.306,0.372,0.581,0.304,0.291,0.306,2.8e+06,2.19e+04
4.35,0.367,0.571,0.303,0.291,0.303,0.367,0.571,0.303,0.291,0.303,2.84e+06,2.22e+04
4.41,0.367,0.571,0.304,0.288,0.31,0.367,0.571,0.304,0.288,0.31,2.88e+06,2.25e+04
4.36,0.369,0.578,0.303,0.291,0.304,0.369,0.578,0.303,0.291,0.304,2.92e+06,2.28e+04
4.49,0.368,0.574,0.302,0.288,0.307,0.368,0.574,0.302,0.288,0.307,2.96e+06,2.31e+04
4.39,0.366,0.568,0.302,0.29,0.307,0.366,0.568,0.302,0.29,0.307,3e+06,2.34e+04
4.41,0.368,0.571,0.305,0.292,0.306,0.368,0.571,0.305,0.292,0.306,3.03e+06,2.37e+04
4.44,0.368,0.579,0.302,0.29,0.303,0.368,0.579,0.302,0.29,0.303,3.07e+06,2.4e+04
4.38,0.365,0.574,0.3,0.285,0.305,0.365,0.574,0.3,0.285,0.305,3.11e+06,2.43e+04
4.57,0.369,0.571,0.305,0.293,0.305,0.369,0.571,0.305,0.293,0.305,3.15e+06,2.46e+04
4.55,0.368,0.576,0.302,0.29,0.304,0.368,0.576,0.302,0.29,0.304,3.19e+06,2.49e+04
4.59,0.37,0.574,0.312,0.292,0.307,0.37,0.574,0.312,0.292,0.307,3.23e+06,2.52e+04
4.59,0.368,0.574,0.303,0.287,0.303,0.368,0.574,0.303,0.287,0.303,3.26e+06,2.55e+04
4.5,0.364,0.565,0.307,0.285,0.301,0.364,0.565,0.307,0.285,0.301,3.3e+06,2.58e+04
4.6,0.366,0.574,0.299,0.287,0.303,0.366,0.574,0.299,0.287,0.303,3.34e+06,2.61e+04
4.57,0.365,0.57,0.303,0.283,0.304,0.365,0.57,0.303,0.283,0.304,3.38e+06,2.64e+04
4.55,0.366,0.575,0.301,0.281,0.306,0.366,0.575,0.301,0.281,0.306,3.42e+06,2.67e+04
4.46,0.366,0.575,0.303,0.284,0.301,0.366,0.575,0.303,0.284,0.301,3.46e+06,2.7e+04
4.59,0.366,0.566,0.307,0.291,0.303,0.366,0.566,0.307,0.291,0.303,3.49e+06,2.73e+04
4.51,0.366,0.572,0.307,0.284,0.304,0.366,0.572,0.307,0.284,0.304,3.53e+06,2.76e+04
4.48,0.364,0.571,0.299,0.284,0.3,0.364,0.571,0.299,0.284,0.3,3.57e+06,2.79e+04
4.54,0.365,0.57,0.301,0.289,0.301,0.365,0.57,0.301,0.289,0.301,3.61e+06,2.82e+04
4.58,0.368,0.572,0.306,0.285,0.302,0.368,0.572,0.306,0.285,0.302,3.65e+06,2.85e+04
4.66,0.367,0.579,0.301,0.284,0.303,0.367,0.579,0.301,0.284,0.303,3.69e+06,2.88e+04
4.54,0.365,0.574,0.304,0.282,0.302,0.365,0.574,0.304,0.282,0.302,3.72e+06,2.91e+04
4.52,0.364,0.575,0.303,0.283,0.298,0.364,0.575,0.303,0.283,0.298,3.76e+06,2.94e+04
4.65,0.364,0.572,0.303,0.289,0.294,0.364,0.572,0.303,0.289,0.294,3.8e+06,2.97e+04
4.57,0.363,0.569,0.302,0.286,0.3,0.363,0.569,0.302,0.286,0.3,3.84e+06,3e+04
4.47,0.362,0.569,0.3,0.284,0.298,0.362,0.569,0.3,0.284,0.298,3.88e+06,3.03e+04
4.65,0.365,0.571,0.302,0.286,0.299,0.365,0.571,0.302,0.286,0.299,3.92e+06,3.06e+04
4.48,0.365,0.565,0.305,0.286,0.305,0.365,0.565,0.305,0.286,0.305,3.96e+06,3.09e+04
4.59,0.364,0.569,0.298,0.281,0.303,0.364,0.569,0.298,0.281,0.303,3.99e+06,3.12e+04
4.61,0.368,0.57,0.306,0.288,0.303,0.368,0.57,0.306,0.288,0.303,4.03e+06,3.15e+04
4.6,0.364,0.568,0.302,0.285,0.299,0.364,0.568,0.302,0.285,0.299,4.07e+06,3.18e+04
4.57,0.364,0.569,0.301,0.284,0.298,0.364,0.569,0.301,0.284,0.298,4.11e+06,3.21e+04
4.57,0.365,0.574,0.304,0.287,0.298,0.365,0.574,0.304,0.287,0.298,4.15e+06,3.24e+04
4.57,0.366,0.568,0.3,0.287,0.304,0.366,0.568,0.3,0.287,0.304,4.19e+06,3.27e+04
4.43,0.359,0.557,0.3,0.284,0.298,0.359,0.557,0.3,0.284,0.298,4.22e+06,3.3e+04
4.66,0.363,0.572,0.3,0.285,0.296,0.363,0.572,0.3,0.285,0.296,4.26e+06,3.33e+04
4.63,0.367,0.571,0.307,0.287,0.303,0.367,0.571,0.307,0.287,0.303,4.3e+06,3.36e+04
4.54,0.364,0.568,0.303,0.284,0.301,0.364,0.568,0.303,0.284,0.301,4.34e+06,3.39e+04
4.58,0.364,0.563,0.304,0.284,0.303,0.364,0.563,0.304,0.284,0.303,4.38e+06,3.42e+04
4.5,0.362,0.568,0.299,0.285,0.297,0.362,0.568,0.299,0.285,0.297,4.42e+06,3.45e+04
4.55,0.364,0.569,0.303,0.284,0.298,0.364,0.569,0.303,0.284,0.298,4.45e+06,3.48e+04
4.6,0.361,0.564,0.3,0.282,0.294,0.361,0.564,0.3,0.282,0.294,4.49e+06,3.51e+04
4.52,0.366,0.575,0.3,0.284,0.301,0.366,0.575,0.3,0.284,0.301,4.53e+06,3.54e+04
4.54,0.364,0.573,0.301,0.282,0.3,0.364,0.573,0.301,0.282,0.3,4.57e+06,3.57e+04
4.46,0.364,0.571,0.306,0.283,0.297,0.364,0.571,0.306,0.283,0.297,4.61e+06,3.6e+04
4.59,0.363,0.569,0.302,0.283,0.299,0.363,0.569,0.302,0.283,0.299,4.65e+06,3.63e+04
4.46,0.363,0.565,0.306,0.286,0.299,0.363,0.565,0.306,0.286,0.299,4.68e+06,3.66e+04
4.53,0.365,0.572,0.304,0.286,0.298,0.365,0.572,0.304,0.286,0.298,4.72e+06,3.69e+04
4.69,0.364,0.574,0.301,0.285,0.297,0.364,0.574,0.301,0.285,0.297,4.76e+06,3.72e+04
4.48,0.359,0.56,0.301,0.28,0.295,0.359,0.56,0.301,0.28,0.295,4.8e+06,3.75e+04
4.58,0.362,0.567,0.3,0.284,0.295,0.362,0.567,0.3,0.284,0.295,4.84e+06,3.78e+04
4.56,0.362,0.564,0.302,0.284,0.299,0.362,0.564,0.302,0.284,0.299,4.88e+06,3.81e+04
4.53,0.363,0.567,0.301,0.288,0.298,0.363,0.567,0.301,0.288,0.298,4.92e+06,3.84e+04
4.57,0.361,0.562,0.307,0.279,0.298,0.361,0.562,0.307,0.279,0.298,4.95e+06,3.87e+04
4.63,0.361,0.561,0.304,0.279,0.3,0.361,0.561,0.304,0.279,0.3,4.99e+06,3.9e+04
4.56,0.359,0.559,0.3,0.282,0.292,0.359,0.559,0.3,0.282,0.292,5.03e+06,3.93e+04
4.6,0.359,0.562,0.301,0.282,0.292,0.359,0.562,0.301,0.282,0.292,5.07e+06,3.96e+04
4.52,0.36,0.56,0.302,0.283,0.297,0.36,0.56,0.302,0.283,0.297,5.11e+06,3.99e+04
4.56,0.36,0.568,0.301,0.279,0.293,0.36,0.568,0.301,0.279,0.293,5.15e+06,4.02e+04
4.47,0.362,0.561,0.3,0.285,0.297,0.362,0.561,0.3,0.285,0.297,5.18e+06,4.05e+04
4.46,0.36,0.561,0.297,0.285,0.297,0.36,0.561,0.297,0.285,0.297,5.22e+06,4.08e+04
4.57,0.359,0.563,0.299,0.279,0.297,0.359,0.563,0.299,0.279,0.297,5.26e+06,4.11e+04
4.51,0.359,0.56,0.297,0.284,0.297,0.359,0.56,0.297,0.284,0.297,5.3e+06,4.14e+04
4.52,0.357,0.556,0.299,0.28,0.293,0.357,0.556,0.299,0.28,0.293,5.34e+06,4.17e+04
4.61,0.361,0.564,0.305,0.278,0.296,0.361,0.564,0.305,0.278,0.296,5.38e+06,4.2e+04
4.49,0.359,0.563,0.305,0.28,0.295,0.359,0.563,0.305,0.28,0.295,5.41e+06,4.23e+04
4.62,0.361,0.564,0.3,0.283,0.294,0.361,0.564,0.3,0.283,0.294,5.45e+06,4.26e+04
4.52,0.36,0.556,0.299,0.282,0.301,0.36,0.556,0.299,0.282,0.301,5.49e+06,4.29e+04
4.63,0.36,0.558,0.302,0.276,0.297,0.36,0.558,0.302,0.276,0.297,5.53e+06,4.32e+04
4.63,0.359,0.568,0.297,0.28,0.294,0.359,0.568,0.297,0.28,0.294,5.57e+06,4.35e+04
4.58,0.36,0.567,0.304,0.276,0.294,0.36,0.567,0.304,0.276,0.294,5.61e+06,4.38e+04
4.48,0.357,0.556,0.295,0.283,0.294,0.357,0.556,0.295,0.283,0.294,5.64e+06,4.41e+04
4.53,0.361,0.561,0.302,0.283,0.295,0.361,0.561,0.302,0.283,0.295,5.68e+06,4.44e+04
4.48,0.36,0.558,0.3,0.283,0.297,0.36,0.558,0.3,0.283,0.297,5.72e+06,4.47e+04
4.47,0.358,0.559,0.298,0.283,0.29,0.358,0.559,0.298,0.283,0.29,5.76e+06,4.5e+04
4.57,0.359,0.56,0.305,0.28,0.294,0.359,0.56,0.305,0.28,0.294,5.8e+06,4.53e+04
4.58,0.358,0.558,0.3,0.277,0.299,0.358,0.558,0.3,0.277,0.299,5.84e+06,4.56e+04
4.49,0.356,0.555,0.301,0.278,0.293,0.356,0.555,0.301,0.278,0.293,5.88e+06,4.59e+04
4.45,0.361,0.564,0.301,0.284,0.296,0.361,0.564,0.301,0.284,0.296,5.91e+06,4.62e+04
4.52,0.356,0.563,0.297,0.276,0.291,0.356,0.563,0.297,0.276,0.291,5.95e+06,4.65e+04
4.33,0.354,0.555,0.294,0.278,0.29,0.354,0.555,0.294,0.278,0.29,5.99e+06,4.68e+04
4.52,0.356,0.561,0.3,0.278,0.29,0.356,0.561,0.3,0.278,0.29,6.03e+06,4.71e+04
4.55,0.357,0.559,0.296,0.28,0.29,0.357,0.559,0.296,0.28,0.29,6.07e+06,4.74e+04
4.46,0.357,0.555,0.299,0.278,0.292,0.357,0.555,0.299,0.278,0.292,6.11e+06,4.77e+04
4.48,0.355,0.557,0.291,0.281,0.292,0.355,0.557,0.291,0.281,0.292,6.14e+06,4.8e+04
4.47,0.357,0.555,0.299,0.278,0.293,0.357,0.555,0.299,0.278,0.293,6.18e+06,4.83e+04
4.43,0.356,0.555,0.295,0.28,0.295,0.356,0.555,0.295,0.28,0.295,6.22e+06,4.86e+04
4.45,0.36,0.566,0.299,0.281,0.294,0.36,0.566,0.299,0.281,0.294,6.26e+06,4.89e+04
4.52,0.356,0.564,0.296,0.274,0.295,0.356,0.564,0.296,0.274,0.295,6.3e+06,4.92e+04
4.47,0.359,0.568,0.302,0.275,0.292,0.359,0.568,0.302,0.275,0.292,6.34e+06,4.95e+04
4.45,0.354,0.553,0.296,0.276,0.29,0.354,0.553,0.296,0.276,0.29,6.37e+06,4.98e+04
4.42,0.358,0.556,0.302,0.282,0.288,0.358,0.556,0.302,0.282,0.288,6.41e+06,5.01e+04
4.41,0.353,0.559,0.295,0.273,0.291,0.353,0.559,0.295,0.273,0.291,6.45e+06,5.04e+04
4.45,0.352,0.55,0.294,0.276,0.285,0.352,0.55,0.294,0.276,0.285,6.49e+06,5.07e+04
4.45,0.351,0.555,0.291,0.274,0.285,0.351,0.555,0.291,0.274,0.285,6.53e+06,5.1e+04
4.52,0.355,0.565,0.293,0.273,0.286,0.355,0.565,0.293,0.273,0.286,6.57e+06,5.13e+04
4.47,0.349,0.552,0.293,0.269,0.282,0.349,0.552,0.293,0.269,0.282,6.6e+06,5.16e+04
4.54,0.35,0.556,0.291,0.27,0.28,0.35,0.556,0.291,0.27,0.28,6.64e+06,5.19e+04
4.66,0.347,0.553,0.288,0.263,0.283,0.347,0.553,0.288,0.263,0.283,6.68e+06,5.22e+04
4.8,0.341,0.546,0.288,0.261,0.273,0.341,0.546,0.288,0.261,0.273,6.72e+06,5.25e+04
4.68,0.339,0.551,0.278,0.255,0.273,0.339,0.551,0.278,0.255,0.273,6.76e+06,5.28e+04
4.65,0.336,0.553,0.274,0.254,0.264,0.336,0.553,0.274,0.254,0.264,6.8e+06,5.31e+04
4.86,0.328,0.549,0.262,0.247,0.257,0.328,0.549,0.262,0.247,0.257,6.84e+06,5.34e+04
4.92,0.319,0.54,0.257,0.231,0.242,0.319,0.54,0.257,0.231,0.242,6.87e+06,5.37e+04
4.97,0.307,0.539,0.241,0.219,0.229,0.307,0.539,0.241,0.219,0.229,6.91e+06,5.4e+04
5.11,0.296,0.532,0.233,0.203,0.219,0.296,0.532,0.233,0.203,0.219,6.95e+06,5.43e+04
5.16,0.29,0.523,0.222,0.196,0.215,0.29,0.523,0.222,0.196,0.215,6.99e+06,5.46e+04
5.15,0.284,0.521,0.218,0.191,0.208,0.284,0.521,0.218,0.191,0.208,7.03e+06,5.49e+04
5.06,0.279,0.519,0.21,0.181,0.211,0.279,0.519,0.21,0.181,0.211,7.07e+06,5.52e+04
5.38,0.276,0.509,0.206,0.18,0.208,0.276,0.509,0.206,0.18,0.208,7.1e+06,5.55e+04
5.38,0.277,0.516,0.201,0.181,0.209,0.277,0.516,0.201,0.181,0.209,7.14e+06,5.58e+04
5.54,0.274,0.514,0.201,0.177,0.203,0.274,0.514,0.201,0.177,0.203,7.18e+06,5.61e+04
5.51,0.271,0.508,0.198,0.176,0.202,0.271,0.508,0.198,0.176,0.202,7.22e+06,5.64e+04
5.56,0.271,0.513,0.198,0.175,0.2,0.271,0.513,0.198,0.175,0.2,7.26e+06,5.67e+04
5.5,0.271,0.509,0.198,0.173,0.201,0.271,0.509,0.198,0.173,0.201,7.3e+06,5.7e+04
5.38,0.267,0.5,0.197,0.174,0.199,0.267,0.5,0.197,0.174,0.199,7.33e+06,5.73e+04
5.61,0.271,0.514,0.197,0.172,0.201,0.271,0.514,0.197,0.172,0.201,7.37e+06,5.76e+04
5.65,0.269,0.509,0.191,0.171,0.199,0.269,0.509,0.191,0.171,0.199,7.41e+06,5.79e+04
5.54,0.267,0.508,0.195,0.172,0.196,0.267,0.508,0.195,0.172,0.196,7.45e+06,5.82e+04
5.57,0.266,0.504,0.196,0.167,0.199,0.266,0.504,0.196,0.167,0.199,7.49e+06,5.85e+04
5.6,0.267,0.505,0.195,0.171,0.196,0.267,0.505,0.195,0.171,0.196,7.53e+06,5.88e+04
5.58,0.266,0.509,0.197,0.166,0.193,0.266,0.509,0.197,0.166,0.193,7.56e+06,5.91e+04
5.76,0.269,0.516,0.196,0.169,0.195,0.269,0.516,0.196,0.169,0.195,7.6e+06,5.94e+04
5.92,0.267,0.51,0.194,0.17,0.195,0.267,0.51,0.194,0.17,0.195,7.64e+06,5.97e+04
5.83,0.267,0.505,0.199,0.167,0.196,0.267,0.505,0.199,0.167,0.196,7.68e+06,6e+04
5.67,0.268,0.515,0.191,0.166,0.197,0.268,0.515,0.191,0.166,0.197,7.72e+06,6.03e+04
5.87,0.265,0.508,0.192,0.163,0.194,0.265,0.508,0.192,0.163,0.194,7.76e+06,6.06e+04
5.72,0.266,0.508,0.193,0.167,0.195,0.266,0.508,0.193,0.167,0.195,7.8e+06,6.09e+04
5.92,0.266,0.508,0.191,0.168,0.198,0.266,0.508,0.191,0.168,0.198,7.83e+06,6.12e+04
5.95,0.268,0.515,0.196,0.167,0.193,0.268,0.515,0.196,0.167,0.193,7.87e+06,6.15e+04
5.75,0.266,0.512,0.192,0.168,0.193,0.266,0.512,0.192,0.168,0.193,7.91e+06,6.18e+04
5.85,0.264,0.502,0.197,0.168,0.192,0.264,0.502,0.197,0.168,0.192,7.95e+06,6.21e+04
5.75,0.265,0.51,0.193,0.164,0.19,0.265,0.51,0.193,0.164,0.19,7.99e+06,6.24e+04
5.81,0.269,0.512,0.197,0.17,0.191,0.269,0.512,0.197,0.17,0.191,8.03e+06,6.27e+04
5.92,0.265,0.508,0.193,0.166,0.19,0.265,0.508,0.193,0.166,0.19,8.06e+06,6.3e+04
5.78,0.266,0.515,0.195,0.165,0.19,0.266,0.515,0.195,0.165,0.19,8.1e+06,6.33e+04
5.78,0.264,0.51,0.192,0.162,0.188,0.264,0.51,0.192,0.162,0.188,8.14e+06,6.36e+04
5.98,0.265,0.515,0.195,0.163,0.189,0.265,0.515,0.195,0.163,0.189,8.18e+06,6.39e+04
5.9,0.263,0.508,0.19,0.164,0.19,0.263,0.508,0.19,0.164,0.19,8.22e+06,6.42e+04
5.78,0.265,0.51,0.194,0.164,0.189,0.265,0.51,0.194,0.164,0.189,8.26e+06,6.45e+04
5.79,0.264,0.505,0.194,0.164,0.189,0.264,0.505,0.194,0.164,0.189,8.29e+06,6.48e+04
5.97,0.265,0.501,0.196,0.169,0.194,0.265,0.501,0.196,0.169,0.194,8.33e+06,6.51e+04
5.88,0.261,0.505,0.192,0.161,0.187,0.261,0.505,0.192,0.161,0.187,8.37e+06,6.54e+04
5.73,0.262,0.508,0.194,0.161,0.188,0.262,0.508,0.194,0.161,0.188,8.41e+06,6.57e+04
5.92,0.264,0.506,0.192,0.168,0.188,0.264,0.506,0.192,0.168,0.188,8.45e+06,6.6e+04
5.93,0.261,0.499,0.195,0.163,0.187,0.261,0.499,0.195,0.163,0.187,8.49e+06,6.63e+04
5.94,0.259,0.502,0.188,0.164,0.184,0.259,0.502,0.188,0.164,0.184,8.52e+06,6.66e+04
6.16,0.263,0.508,0.192,0.166,0.189,0.263,0.508,0.192,0.166,0.189,8.56e+06,6.69e+04
5.94,0.263,0.504,0.192,0.166,0.189,0.263,0.504,0.192,0.166,0.189,8.6e+06,6.72e+04
6.05,0.264,0.511,0.194,0.164,0.186,0.264,0.511,0.194,0.164,0.186,8.64e+06,6.75e+04
5.77,0.264,0.509,0.191,0.166,0.185,0.264,0.509,0.191,0.166,0.185,8.68e+06,6.78e+04
5.77,0.263,0.51,0.194,0.163,0.188,0.263,0.51,0.194,0.163,0.188,8.72e+06,6.81e+04
5.82,0.264,0.511,0.189,0.164,0.189,0.264,0.511,0.189,0.164,0.189,8.76e+06,6.84e+04
5.98,0.265,0.511,0.192,0.165,0.189,0.265,0.511,0.192,0.165,0.189,8.79e+06,6.87e+04
5.92,0.261,0.507,0.193,0.158,0.186,0.261,0.507,0.193,0.158,0.186,8.83e+06,6.9e+04
5.84,0.26,0.501,0.191,0.161,0.187,0.26,0.501,0.191,0.161,0.187,8.87e+06,6.93e+04
5.88,0.261,0.504,0.19,0.161,0.186,0.261,0.504,0.19,0.161,0.186,8.91e+06,6.96e+04
5.89,0.262,0.503,0.193,0.165,0.188,0.262,0.503,0.193,0.165,0.188,8.95e+06,6.99e+04
5.89,0.263,0.504,0.195,0.165,0.187,0.263,0.504,0.195,0.165,0.187,8.99e+06,7.02e+04
6.16,0.262,0.508,0.193,0.162,0.185,0.262,0.508,0.193,0.162,0.185,9.02e+06,7.05e+04
5.95,0.261,0.508,0.192,0.163,0.186,0.261,0.508,0.192,0.163,0.186,9.06e+06,7.08e+04
5.99,0.261,0.501,0.192,0.163,0.182,0.261,0.501,0.192,0.163,0.182,9.1e+06,7.11e+04
6.01,0.263,0.509,0.19,0.164,0.187,0.263,0.509,0.19,0.164,0.187,9.14e+06,7.14e+04
6.02,0.261,0.504,0.19,0.164,0.187,0.261,0.504,0.19,0.164,0.187,9.18e+06,7.17e+04
6.06,0.26,0.5,0.191,0.16,0.184,0.26,0.5,0.191,0.16,0.184,9.22e+06,7.2e+04
5.91,0.262,0.509,0.192,0.163,0.185,0.262,0.509,0.192,0.163,0.185,9.25e+06,7.23e+04
5.96,0.26,0.504,0.192,0.16,0.185,0.26,0.504,0.192,0.16,0.185,9.29e+06,7.26e+04
6.04,0.262,0.508,0.19,0.163,0.184,0.262,0.508,0.19,0.163,0.184,9.33e+06,7.29e+04
5.82,0.263,0.51,0.196,0.16,0.186,0.263,0.51,0.196,0.16,0.186,9.37e+06,7.32e+04
6.01,0.262,0.51,0.193,0.159,0.184,0.262,0.51,0.193,0.159,0.184,9.41e+06,7.35e+04
5.92,0.261,0.507,0.189,0.16,0.187,0.261,0.507,0.189,0.16,0.187,9.45e+06,7.38e+04
5.9,0.26,0.5,0.19,0.163,0.185,0.26,0.5,0.19,0.163,0.185,9.48e+06,7.41e+04
5.97,0.26,0.503,0.193,0.164,0.184,0.26,0.503,0.193,0.164,0.184,9.52e+06,7.44e+04
5.89,0.263,0.507,0.192,0.162,0.188,0.263,0.507,0.192,0.162,0.188,9.56e+06,7.47e+04
5.9,0.259,0.509,0.19,0.159,0.183,0.259,0.509,0.19,0.159,0.183,9.6e+06,7.5e+04
5.84,0.261,0.508,0.192,0.16,0.186,0.261,0.508,0.192,0.16,0.186,9.64e+06,7.53e+04
5.79,0.26,0.503,0.193,0.162,0.184,0.26,0.503,0.193,0.162,0.184,9.68e+06,7.56e+04
5.97,0.261,0.503,0.19,0.162,0.183,0.261,0.503,0.19,0.162,0.183,9.72e+06,7.59e+04
5.82,0.259,0.507,0.19,0.162,0.182,0.259,0.507,0.19,0.162,0.182,9.75e+06,7.62e+04
5.93,0.26,0.506,0.193,0.16,0.179,0.26,0.506,0.193,0.16,0.179,9.79e+06,7.65e+04
5.96,0.261,0.504,0.195,0.161,0.183,0.261,0.504,0.195,0.161,0.183,9.83e+06,7.68e+04
5.9,0.259,0.503,0.192,0.159,0.183,0.259,0.503,0.192,0.159,0.183,9.87e+06,7.71e+04
6.08,0.262,0.508,0.19,0.162,0.185,0.262,0.508,0.19,0.162,0.185,9.91e+06,7.74e+04
5.89,0.258,0.5,0.191,0.162,0.183,0.258,0.5,0.191,0.162,0.183,9.95e+06,7.77e+04
6.02,0.261,0.505,0.189,0.162,0.183,0.261,0.505,0.189,0.162,0.183,9.98e+06,7.8e+04
5.88,0.259,0.5,0.192,0.162,0.183,0.259,0.5,0.192,0.162,0.183,1e+07,7.83e+04
5.91,0.26,0.501,0.192,0.16,0.183,0.26,0.501,0.192,0.16,0.183,1.01e+07,7.86e+04
6.02,0.26,0.503,0.193,0.164,0.182,0.26,0.503,0.193,0.164,0.182,1.01e+07,7.89e+04
5.77,0.26,0.506,0.189,0.162,0.182,0.26,0.506,0.189,0.162,0.182,1.01e+07,7.92e+04
5.99,0.259,0.503,0.188,0.16,0.18,0.259,0.503,0.188,0.16,0.18,1.02e+07,7.95e+04
6.13,0.261,0.501,0.193,0.16,0.186,0.261,0.501,0.193,0.16,0.186,1.02e+07,7.98e+04
6,0.261,0.504,0.192,0.161,0.184,0.261,0.504,0.192,0.161,0.184,1.03e+07,8.01e+04
6.04,0.258,0.5,0.19,0.162,0.184,0.258,0.5,0.19,0.162,0.184,1.03e+07,8.04e+04
5.73,0.257,0.501,0.191,0.16,0.179,0.257,0.501,0.191,0.16,0.179,1.03e+07,8.07e+04
6.08,0.261,0.507,0.189,0.162,0.184,0.261,0.507,0.189,0.162,0.184,1.04e+07,8.1e+04
6.06,0.261,0.507,0.192,0.161,0.183,0.261,0.507,0.192,0.161,0.183,1.04e+07,8.13e+04
5.69,0.258,0.5,0.19,0.164,0.179,0.258,0.5,0.19,0.164,0.179,1.04e+07,8.16e+04
5.98,0.26,0.508,0.189,0.162,0.182,0.26,0.508,0.189,0.162,0.182,1.05e+07,8.19e+04
5.86,0.259,0.5,0.189,0.161,0.182,0.259,0.5,0.189,0.161,0.182,1.05e+07,8.22e+04
5.82,0.258,0.497,0.19,0.16,0.183,0.258,0.497,0.19,0.16,0.183,1.06e+07,8.25e+04
5.87,0.258,0.502,0.189,0.159,0.18,0.258,0.502,0.189,0.159,0.18,1.06e+07,8.28e+04
5.86,0.258,0.504,0.189,0.159,0.182,0.258,0.504,0.189,0.159,0.182,1.06e+07,8.31e+04
5.78,0.259,0.5,0.192,0.161,0.184,0.259,0.5,0.192,0.161,0.184,1.07e+07,8.34e+04
5.9,0.261,0.51,0.194,0.16,0.181,0.261,0.51,0.194,0.16,0.181,1.07e+07,8.37e+04
5.85,0.254,0.498,0.188,0.159,0.176,0.254,0.498,0.188,0.159,0.176,1.08e+07,8.4e+04
5.83,0.259,0.503,0.19,0.159,0.183,0.259,0.503,0.19,0.159,0.183,1.08e+07,8.43e+04
5.96,0.257,0.497,0.188,0.16,0.181,0.257,0.497,0.188,0.16,0.181,1.08e+07,8.46e+04
6.02,0.259,0.504,0.189,0.16,0.182,0.259,0.504,0.189,0.16,0.182,1.09e+07,8.49e+04
5.78,0.259,0.507,0.192,0.162,0.178,0.259,0.507,0.192,0.162,0.178,1.09e+07,8.52e+04
5.87,0.259,0.504,0.192,0.159,0.183,0.259,0.504,0.192,0.159,0.183,1.09e+07,8.55e+04
5.8,0.258,0.498,0.189,0.16,0.182,0.258,0.498,0.189,0.16,0.182,1.1e+07,8.58e+04
5.94,0.259,0.5,0.192,0.16,0.181,0.259,0.5,0.192,0.16,0.181,1.1e+07,8.61e+04
5.87,0.256,0.494,0.193,0.159,0.178,0.256,0.494,0.193,0.159,0.178,1.11e+07,8.64e+04
5.69,0.258,0.504,0.187,0.161,0.18,0.258,0.504,0.187,0.161,0.18,1.11e+07,8.67e+04
5.87,0.257,0.494,0.191,0.16,0.184,0.257,0.494,0.191,0.16,0.184,1.11e+07,8.7e+04
5.68,0.256,0.495,0.189,0.159,0.181,0.256,0.495,0.189,0.159,0.181,1.12e+07,8.73e+04
5.92,0.259,0.499,0.192,0.163,0.181,0.259,0.499,0.192,0.163,0.181,1.12e+07,8.76e+04
5.82,0.258,0.5,0.19,0.162,0.179,0.258,0.5,0.19,0.162,0.179,1.13e+07,8.79e+04
5.84,0.257,0.501,0.191,0.157,0.179,0.257,0.501,0.191,0.157,0.179,1.13e+07,8.82e+04
5.93,0.257,0.495,0.191,0.158,0.181,0.257,0.495,0.191,0.158,0.181,1.13e+07,8.85e+04
5.78,0.256,0.497,0.191,0.159,0.181,0.256,0.497,0.191,0.159,0.181,1.14e+07,8.88e+04
5.92,0.258,0.505,0.191,0.16,0.18,0.258,0.505,0.191,0.16,0.18,1.14e+07,8.91e+04
5.87,0.259,0.505,0.194,0.159,0.179,0.259,0.505,0.194,0.159,0.179,1.14e+07,8.94e+04
5.84,0.257,0.496,0.187,0.162,0.178,0.257,0.496,0.187,0.162,0.178,1.15e+07,8.97e+04
5.85,0.256,0.498,0.19,0.159,0.18,0.256,0.498,0.19,0.159,0.18,1.15e+07,9e+04
5.91,0.255,0.498,0.19,0.159,0.177,0.255,0.498,0.19,0.159,0.177,1.16e+07,9.03e+04
5.72,0.257,0.501,0.189,0.16,0.18,0.257,0.501,0.189,0.16,0.18,1.16e+07,9.06e+04
5.83,0.256,0.491,0.19,0.159,0.18,0.256,0.491,0.19,0.159,0.18,1.16e+07,9.09e+04
5.88,0.256,0.498,0.187,0.161,0.181,0.256,0.498,0.187,0.161,0.181,1.17e+07,9.12e+04
5.73,0.256,0.498,0.191,0.159,0.179,0.256,0.498,0.191,0.159,0.179,1.17e+07,9.15e+04
5.74,0.26,0.504,0.192,0.16,0.181,0.26,0.504,0.192,0.16,0.181,1.18e+07,9.18e+04
5.83,0.256,0.496,0.19,0.16,0.18,0.256,0.496,0.19,0.16,0.18,1.18e+07,9.21e+04
5.91,0.258,0.501,0.192,0.159,0.178,0.258,0.501,0.192,0.159,0.178,1.18e+07,9.24e+04
5.84,0.257,0.504,0.189,0.159,0.178,0.257,0.504,0.189,0.159,0.178,1.19e+07,9.27e+04
5.63,0.254,0.496,0.186,0.16,0.177,0.254,0.496,0.186,0.16,0.177,1.19e+07,9.3e+04
5.9,0.257,0.498,0.189,0.16,0.177,0.257,0.498,0.189,0.16,0.177,1.19e+07,9.33e+04
5.7,0.256,0.496,0.192,0.162,0.179,0.256,0.496,0.192,0.162,0.179,1.2e+07,9.36e+04
6.01,0.26,0.508,0.194,0.158,0.181,0.26,0.508,0.194,0.158,0.181,1.2e+07,9.39e+04
5.84,0.255,0.501,0.188,0.158,0.18,0.255,0.501,0.188,0.158,0.18,1.21e+07,9.42e+04
5.91,0.257,0.496,0.191,0.158,0.177,0.257,0.496,0.191,0.158,0.177,1.21e+07,9.45e+04
5.83,0.258,0.499,0.193,0.158,0.183,0.258,0.499,0.193,0.158,0.183,1.21e+07,9.48e+04
5.85,0.258,0.501,0.193,0.158,0.181,0.258,0.501,0.193,0.158,0.181,1.22e+07,9.51e+04
5.65,0.256,0.496,0.19,0.159,0.178,0.256,0.496,0.19,0.159,0.178,1.22e+07,9.54e+04
5.73,0.255,0.496,0.188,0.158,0.18,0.255,0.496,0.188,0.158,0.18,1.22e+07,9.57e+04
5.65,0.255,0.492,0.187,0.159,0.182,0.255,0.492,0.187,0.159,0.182,1.23e+07,9.6e+04
5.6,0.258,0.5,0.188,0.163,0.18,0.258,0.5,0.188,0.163,0.18,1.23e+07,9.63e+04
5.77,0.254,0.493,0.19,0.159,0.177,0.254,0.493,0.19,0.159,0.177,1.24e+07,9.66e+04
5.78,0.255,0.495,0.19,0.156,0.176,0.255,0.495,0.19,0.156,0.176,1.24e+07,9.69e+04
5.9,0.258,0.5,0.192,0.16,0.178,0.258,0.5,0.192,0.16,0.178,1.24e+07,9.72e+04
5.76,0.257,0.498,0.189,0.16,0.18,0.257,0.498,0.189,0.16,0.18,1.25e+07,9.75e+04
5.82,0.255,0.497,0.19,0.158,0.176,0.255,0.497,0.19,0.158,0.176,1.25e+07,9.78e+04
5.78,0.257,0.495,0.192,0.161,0.178,0.257,0.495,0.192,0.161,0.178,1.26e+07,9.81e+04
5.72,0.257,0.499,0.187,0.16,0.179,0.257,0.499,0.187,0.16,0.179,1.26e+07,9.84e+04
5.69,0.254,0.493,0.188,0.155,0.177,0.254,0.493,0.188,0.155,0.177,1.26e+07,9.87e+04
5.73,0.256,0.506,0.188,0.159,0.176,0.256,0.506,0.188,0.159,0.176,1.27e+07,9.9e+04
5.8,0.256,0.499,0.189,0.16,0.176,0.256,0.499,0.189,0.16,0.176,1.27e+07,9.93e+04
5.77,0.257,0.498,0.19,0.16,0.176,0.257,0.498,0.19,0.16,0.176,1.27e+07,9.96e+04
5.56,0.257,0.493,0.192,0.16,0.176,0.257,0.493,0.192,0.16,0.176,1.28e+07,9.99e+04
5.92,0.254,0.498,0.188,0.154,0.18,0.254,0.498,0.188,0.154,0.18,1.28e+07,1e+05
5.91,0.258,0.497,0.193,0.161,0.18,0.258,0.497,0.193,0.161,0.18,1.29e+07,1.00e+05
5.86,0.253,0.489,0.191,0.159,0.178,0.253,0.489,0.191,0.159,0.178,1.29e+07,1.01e+05
5.65,0.253,0.494,0.186,0.158,0.177,0.253,0.494,0.186,0.158,0.177,1.29e+07,1.01e+05
5.75,0.254,0.499,0.184,0.158,0.174,0.254,0.499,0.184,0.158,0.174,1.3e+07,1.01e+05
5.57,0.253,0.493,0.191,0.158,0.173,0.253,0.493,0.191,0.158,0.173,1.3e+07,1.02e+05
5.84,0.254,0.496,0.186,0.156,0.179,0.254,0.496,0.186,0.156,0.179,1.31e+07,1.02e+05
5.55,0.255,0.496,0.189,0.158,0.177,0.255,0.496,0.189,0.158,0.177,1.31e+07,1.02e+05
5.79,0.254,0.496,0.188,0.158,0.176,0.254,0.496,0.188,0.158,0.176,1.31e+07,1.03e+05
5.71,0.254,0.493,0.186,0.162,0.177,0.254,0.493,0.186,0.162,0.177,1.32e+07,1.03e+05
5.93,0.255,0.5,0.192,0.158,0.175,0.255,0.5,0.192,0.158,0.175,1.32e+07,1.03e+05
5.71,0.255,0.499,0.19,0.159,0.173,0.255,0.499,0.19,0.159,0.173,1.32e+07,1.04e+05
5.73,0.256,0.5,0.189,0.162,0.176,0.256,0.5,0.189,0.162,0.176,1.33e+07,1.04e+05
5.74,0.252,0.487,0.188,0.159,0.175,0.252,0.487,0.188,0.159,0.175,1.33e+07,1.04e+05
5.7,0.256,0.499,0.188,0.16,0.177,0.256,0.499,0.188,0.16,0.177,1.34e+07,1.04e+05
5.74,0.257,0.5,0.186,0.158,0.178,0.257,0.5,0.186,0.158,0.178,1.34e+07,1.05e+05
5.61,0.255,0.492,0.191,0.159,0.175,0.255,0.492,0.191,0.159,0.175,1.34e+07,1.05e+05
5.78,0.255,0.492,0.187,0.159,0.178,0.255,0.492,0.187,0.159,0.178,1.35e+07,1.05e+05
5.87,0.254,0.498,0.187,0.154,0.176,0.254,0.498,0.187,0.154,0.176,1.35e+07,1.06e+05
5.75,0.255,0.495,0.187,0.163,0.175,0.255,0.495,0.187,0.163,0.175,1.36e+07,1.06e+05
5.83,0.253,0.496,0.189,0.156,0.173,0.253,0.496,0.189,0.156,0.173,1.36e+07,1.06e+05
5.7,0.253,0.496,0.187,0.158,0.171,0.253,0.496,0.187,0.158,0.171,1.36e+07,1.06e+05
5.65,0.253,0.492,0.186,0.16,0.174,0.253,0.492,0.186,0.16,0.174,1.37e+07,1.07e+05
5.81,0.254,0.499,0.19,0.156,0.175,0.254,0.499,0.19,0.156,0.175,1.37e+07,1.07e+05
5.78,0.253,0.489,0.186,0.156,0.175,0.253,0.489,0.186,0.156,0.175,1.37e+07,1.07e+05
5.67,0.254,0.488,0.189,0.16,0.174,0.254,0.488,0.189,0.16,0.174,1.38e+07,1.08e+05
5.56,0.253,0.491,0.188,0.158,0.174,0.253,0.491,0.188,0.158,0.174,1.38e+07,1.08e+05
5.85,0.253,0.487,0.187,0.157,0.178,0.253,0.487,0.187,0.157,0.178,1.39e+07,1.08e+05
5.68,0.252,0.493,0.189,0.156,0.173,0.252,0.493,0.189,0.156,0.173,1.39e+07,1.09e+05
5.83,0.253,0.491,0.191,0.156,0.175,0.253,0.491,0.191,0.156,0.175,1.39e+07,1.09e+05
5.81,0.254,0.494,0.191,0.157,0.176,0.254,0.494,0.191,0.157,0.176,1.4e+07,1.09e+05
5.78,0.256,0.502,0.19,0.155,0.174,0.256,0.502,0.19,0.155,0.174,1.4e+07,1.1e+05
5.87,0.252,0.491,0.188,0.161,0.173,0.252,0.491,0.188,0.161,0.173,1.41e+07,1.1e+05
5.8,0.253,0.49,0.19,0.157,0.176,0.253,0.49,0.19,0.157,0.176,1.41e+07,1.1e+05
5.82,0.254,0.494,0.188,0.156,0.176,0.254,0.494,0.188,0.156,0.176,1.41e+07,1.1e+05
5.74,0.252,0.491,0.19,0.154,0.174,0.252,0.491,0.19,0.154,0.174,1.42e+07,1.11e+05
5.92,0.254,0.497,0.188,0.154,0.176,0.254,0.497,0.188,0.154,0.176,1.42e+07,1.11e+05
5.46,0.25,0.486,0.187,0.157,0.17,0.25,0.486,0.187,0.157,0.17,1.42e+07,1.11e+05
5.78,0.252,0.492,0.188,0.155,0.173,0.252,0.492,0.188,0.155,0.173,1.43e+07,1.12e+05
5.55,0.256,0.495,0.192,0.156,0.179,0.256,0.495,0.192,0.156,0.179,1.43e+07,1.12e+05
5.68,0.254,0.497,0.187,0.159,0.173,0.254,0.497,0.187,0.159,0.173,1.44e+07,1.12e+05
5.68,0.253,0.496,0.185,0.155,0.173,0.253,0.496,0.185,0.155,0.173,1.44e+07,1.12e+05
5.75,0.252,0.499,0.189,0.154,0.173,0.252,0.499,0.189,0.154,0.173,1.44e+07,1.13e+05
5.68,0.252,0.491,0.186,0.157,0.174,0.252,0.491,0.186,0.157,0.174,1.45e+07,1.13e+05
5.68,0.253,0.492,0.188,0.152,0.172,0.253,0.492,0.188,0.152,0.172,1.45e+07,1.13e+05
5.7,0.253,0.498,0.187,0.153,0.176,0.253,0.498,0.187,0.153,0.176,1.46e+07,1.14e+05
5.57,0.252,0.493,0.186,0.156,0.174,0.252,0.493,0.186,0.156,0.174,1.46e+07,1.14e+05
5.74,0.25,0.487,0.187,0.155,0.172,0.25,0.487,0.187,0.155,0.172,1.46e+07,1.14e+05
5.78,0.25,0.495,0.186,0.156,0.17,0.25,0.495,0.186,0.156,0.17,1.47e+07,1.15e+05
5.77,0.25,0.49,0.187,0.153,0.172,0.25,0.49,0.187,0.153,0.172,1.47e+07,1.15e+05
5.74,0.248,0.487,0.186,0.153,0.171,0.248,0.487,0.186,0.153,0.171,1.47e+07,1.15e+05
5.61,0.251,0.489,0.188,0.156,0.17,0.251,0.489,0.188,0.156,0.17,1.48e+07,1.16e+05
5.64,0.253,0.495,0.189,0.155,0.174,0.253,0.495,0.189,0.155,0.174,1.48e+07,1.16e+05
5.74,0.251,0.495,0.186,0.153,0.173,0.251,0.495,0.186,0.153,0.173,1.49e+07,1.16e+05
5.88,0.252,0.492,0.186,0.157,0.17,0.252,0.492,0.186,0.157,0.17,1.49e+07,1.16e+05
5.76,0.252,0.488,0.189,0.157,0.169,0.252,0.488,0.189,0.157,0.169,1.49e+07,1.17e+05
5.76,0.25,0.491,0.184,0.158,0.171,0.25,0.491,0.184,0.158,0.171,1.5e+07,1.17e+05
5.76,0.253,0.495,0.187,0.156,0.171,0.253,0.495,0.187,0.156,0.171,1.5e+07,1.17e+05
5.85,0.253,0.495,0.183,0.156,0.174,0.253,0.495,0.183,0.156,0.174,1.51e+07,1.18e+05
5.87,0.252,0.496,0.187,0.154,0.174,0.252,0.496,0.187,0.154,0.174,1.51e+07,1.18e+05
5.67,0.25,0.489,0.186,0.15,0.172,0.25,0.489,0.186,0.15,0.172,1.51e+07,1.18e+05
5.73,0.249,0.489,0.184,0.156,0.172,0.249,0.489,0.184,0.156,0.172,1.52e+07,1.18e+05
5.82,0.25,0.489,0.186,0.158,0.172,0.25,0.489,0.186,0.158,0.172,1.52e+07,1.19e+05
5.79,0.251,0.495,0.187,0.155,0.17,0.251,0.495,0.187,0.155,0.17,1.52e+07,1.19e+05
5.66,0.249,0.489,0.186,0.152,0.167,0.249,0.489,0.186,0.152,0.167,1.53e+07,1.19e+05
5.78,0.25,0.491,0.183,0.152,0.171,0.25,0.491,0.183,0.152,0.171,1.53e+07,1.2e+05
5.79,0.249,0.491,0.188,0.153,0.171,0.249,0.491,0.188,0.153,0.171,1.54e+07,1.2e+05
5.97,0.249,0.491,0.183,0.151,0.169,0.249,0.491,0.183,0.151,0.169,1.54e+07,1.2e+05
5.91,0.249,0.489,0.186,0.153,0.17,0.249,0.489,0.186,0.153,0.17,1.54e+07,1.21e+05
6,0.249,0.49,0.183,0.152,0.168,0.249,0.49,0.183,0.152,0.168,1.55e+07,1.21e+05
5.87,0.25,0.495,0.182,0.152,0.169,0.25,0.495,0.182,0.152,0.169,1.55e+07,1.21e+05
5.98,0.247,0.487,0.184,0.151,0.167,0.247,0.487,0.184,0.151,0.167,1.56e+07,1.22e+05
5.8,0.249,0.492,0.181,0.152,0.17,0.249,0.492,0.181,0.152,0.17,1.56e+07,1.22e+05
6.04,0.248,0.491,0.185,0.153,0.166,0.248,0.491,0.185,0.153,0.166,1.56e+07,1.22e+05
5.97,0.249,0.492,0.186,0.151,0.165,0.249,0.492,0.186,0.151,0.165,1.57e+07,1.22e+05
5.91,0.249,0.492,0.184,0.154,0.168,0.249,0.492,0.184,0.154,0.168,1.57e+07,1.23e+05
5.87,0.247,0.494,0.18,0.149,0.164,0.247,0.494,0.18,0.149,0.164,1.57e+07,1.23e+05
5.94,0.246,0.492,0.182,0.15,0.167,0.246,0.492,0.182,0.15,0.167,1.58e+07,1.23e+05
5.97,0.245,0.492,0.181,0.149,0.165,0.245,0.492,0.181,0.149,0.165,1.58e+07,1.24e+05
5.91,0.248,0.495,0.184,0.149,0.166,0.248,0.495,0.184,0.149,0.166,1.59e+07,1.24e+05
6.08,0.249,0.493,0.183,0.151,0.165,0.249,0.493,0.183,0.151,0.165,1.59e+07,1.24e+05
5.94,0.245,0.493,0.18,0.146,0.167,0.245,0.493,0.18,0.146,0.167,1.59e+07,1.24e+05
5.98,0.247,0.492,0.182,0.148,0.165,0.247,0.492,0.182,0.148,0.165,1.6e+07,1.25e+05
6.14,0.246,0.496,0.177,0.149,0.163,0.246,0.496,0.177,0.149,0.163,1.6e+07,1.25e+05
5.97,0.245,0.494,0.179,0.144,0.162,0.245,0.494,0.179,0.144,0.162,1.61e+07,1.25e+05
5.94,0.243,0.49,0.177,0.148,0.162,0.243,0.49,0.177,0.148,0.162,1.61e+07,1.26e+05
5.98,0.245,0.492,0.179,0.148,0.16,0.245,0.492,0.179,0.148,0.16,1.61e+07,1.26e+05
6.01,0.241,0.492,0.174,0.143,0.157,0.241,0.492,0.174,0.143,0.157,1.62e+07,1.26e+05
6.15,0.242,0.494,0.17,0.145,0.159,0.242,0.494,0.17,0.145,0.159,1.62e+07,1.27e+05
6.12,0.241,0.492,0.172,0.142,0.159,0.241,0.492,0.172,0.142,0.159,1.62e+07,1.27e+05
6.2,0.239,0.489,0.17,0.138,0.156,0.239,0.489,0.17,0.138,0.156,1.63e+07,1.27e+05
6.27,0.238,0.496,0.165,0.137,0.152,0.238,0.496,0.165,0.137,0.152,1.63e+07,1.28e+05
6.3,0.234,0.488,0.166,0.134,0.148,0.234,0.488,0.166,0.134,0.148,1.64e+07,1.28e+05
6.19,0.227,0.479,0.156,0.128,0.144,0.227,0.479,0.156,0.128,0.144,1.64e+07,1.28e+05
6.34,0.226,0.487,0.149,0.124,0.142,0.226,0.487,0.149,0.124,0.142,1.64e+07,1.28e+05
6.28,0.22,0.482,0.138,0.117,0.136,0.22,0.482,0.138,0.117,0.136,1.65e+07,1.29e+05
6.27,0.211,0.469,0.13,0.11,0.13,0.211,0.469,0.13,0.11,0.13,1.65e+07,1.29e+05
6.38,0.203,0.467,0.119,0.104,0.122,0.203,0.467,0.119,0.104,0.122,1.66e+07,1.29e+05
6.46,0.198,0.464,0.108,0.0971,0.117,0.198,0.464,0.108,0.0971,0.117,1.66e+07,1.3e+05
6.24,0.19,0.45,0.103,0.0921,0.113,0.19,0.45,0.103,0.0921,0.113,1.66e+07,1.3e+05
6.54,0.187,0.453,0.0965,0.0871,0.112,0.187,0.453,0.0965,0.0871,0.112,1.67e+07,1.3e+05
6.43,0.183,0.449,0.0934,0.0837,0.111,0.183,0.449,0.0934,0.0837,0.111,1.67e+07,1.30e+05
6.3,0.182,0.455,0.0906,0.0819,0.11,0.182,0.455,0.0906,0.0819,0.11,1.67e+07,1.31e+05
6.75,0.181,0.449,0.0864,0.0803,0.109,0.181,0.449,0.0864,0.0803,0.109,1.68e+07,1.31e+05
6.49,0.18,0.444,0.0864,0.0772,0.109,0.18,0.444,0.0864,0.0772,0.109,1.68e+07,1.31e+05
6.59,0.179,0.45,0.0839,0.0763,0.106,0.179,0.45,0.0839,0.0763,0.106,1.69e+07,1.32e+05
6.44,0.18,0.451,0.0839,0.0754,0.107,0.18,0.451,0.0839,0.0754,0.107,1.69e+07,1.32e+05
6.48,0.177,0.444,0.082,0.0759,0.106,0.177,0.444,0.082,0.0759,0.106,1.69e+07,1.32e+05
6.61,0.176,0.448,0.0816,0.0746,0.105,0.176,0.448,0.0816,0.0746,0.105,1.7e+07,1.33e+05
6.74,0.176,0.446,0.082,0.0738,0.105,0.176,0.446,0.082,0.0738,0.105,1.7e+07,1.33e+05
6.64,0.178,0.45,0.0818,0.0733,0.106,0.178,0.45,0.0818,0.0733,0.106,1.7e+07,1.33e+05
6.77,0.176,0.446,0.0812,0.0734,0.104,0.176,0.446,0.0812,0.0734,0.104,1.71e+07,1.34e+05
6.58,0.175,0.451,0.0815,0.0721,0.102,0.175,0.451,0.0815,0.0721,0.102,1.71e+07,1.34e+05
6.37,0.176,0.449,0.0813,0.0709,0.102,0.176,0.449,0.0813,0.0709,0.102,1.72e+07,1.34e+05
6.73,0.175,0.445,0.082,0.0725,0.101,0.175,0.445,0.082,0.0725,0.101,1.72e+07,1.34e+05
6.58,0.176,0.45,0.0801,0.0702,0.101,0.176,0.45,0.0801,0.0702,0.101,1.72e+07,1.35e+05
6.5,0.175,0.448,0.0806,0.0722,0.1,0.175,0.448,0.0806,0.0722,0.1,1.73e+07,1.35e+05
6.79,0.175,0.45,0.0801,0.0697,0.1,0.175,0.45,0.0801,0.0697,0.1,1.73e+07,1.35e+05
6.54,0.176,0.45,0.0794,0.0692,0.1,0.176,0.45,0.0794,0.0692,0.1,1.74e+07,1.36e+05
6.54,0.174,0.451,0.079,0.0692,0.0982,0.174,0.451,0.079,0.0692,0.0982,1.74e+07,1.36e+05
6.54,0.175,0.445,0.0799,0.0692,0.1,0.175,0.445,0.0799,0.0692,0.1,1.74e+07,1.36e+05
6.59,0.174,0.448,0.0812,0.0678,0.0993,0.174,0.448,0.0812,0.0678,0.0993,1.75e+07,1.36e+05
6.64,0.176,0.453,0.0802,0.0676,0.0979,0.176,0.453,0.0802,0.0676,0.0979,1.75e+07,1.37e+05
6.52,0.173,0.447,0.0786,0.068,0.0983,0.173,0.447,0.0786,0.068,0.0983,1.75e+07,1.37e+05
6.25,0.175,0.452,0.0795,0.0675,0.0977,0.175,0.452,0.0795,0.0675,0.0977,1.76e+07,1.37e+05
6.48,0.173,0.445,0.08,0.0677,0.0974,0.173,0.445,0.08,0.0677,0.0974,1.76e+07,1.38e+05
6.33,0.173,0.447,0.0808,0.0663,0.0973,0.173,0.447,0.0808,0.0663,0.0973,1.77e+07,1.38e+05
6.38,0.174,0.449,0.0798,0.0662,0.0969,0.174,0.449,0.0798,0.0662,0.0969,1.77e+07,1.38e+05
6.6,0.172,0.448,0.079,0.0669,0.096,0.172,0.448,0.079,0.0669,0.096,1.77e+07,1.39e+05
6.66,0.174,0.451,0.079,0.0669,0.0956,0.174,0.451,0.079,0.0669,0.0956,1.78e+07,1.39e+05
6.54,0.171,0.448,0.078,0.067,0.0963,0.171,0.448,0.078,0.067,0.0963,1.78e+07,1.39e+05
6.43,0.172,0.452,0.0794,0.0663,0.096,0.172,0.452,0.0794,0.0663,0.096,1.79e+07,1.4e+05
6.63,0.174,0.455,0.079,0.0658,0.0952,0.174,0.455,0.079,0.0658,0.0952,1.79e+07,1.4e+05
6.67,0.174,0.451,0.0798,0.0658,0.0962,0.174,0.451,0.0798,0.0658,0.0962,1.79e+07,1.4e+05
6.54,0.175,0.452,0.0786,0.0652,0.095,0.175,0.452,0.0786,0.0652,0.095,1.8e+07,1.4e+05
6.66,0.171,0.447,0.079,0.0643,0.0946,0.171,0.447,0.079,0.0643,0.0946,1.8e+07,1.41e+05
6.67,0.173,0.454,0.0783,0.0648,0.0945,0.173,0.454,0.0783,0.0648,0.0945,1.8e+07,1.41e+05
6.52,0.172,0.45,0.0793,0.0656,0.0943,0.172,0.45,0.0793,0.0656,0.0943,1.81e+07,1.41e+05
6.53,0.172,0.449,0.0778,0.0654,0.0933,0.172,0.449,0.0778,0.0654,0.0933,1.81e+07,1.42e+05
6.51,0.172,0.453,0.0782,0.0651,0.0948,0.172,0.453,0.0782,0.0651,0.0948,1.82e+07,1.42e+05
6.59,0.172,0.448,0.0788,0.0635,0.0939,0.172,0.448,0.0788,0.0635,0.0939,1.82e+07,1.42e+05
6.6,0.172,0.448,0.0784,0.065,0.093,0.172,0.448,0.0784,0.065,0.093,1.82e+07,1.42e+05
6.64,0.173,0.452,0.0792,0.0642,0.0938,0.173,0.452,0.0792,0.0642,0.0938,1.83e+07,1.43e+05
6.64,0.174,0.457,0.0796,0.0643,0.0936,0.174,0.457,0.0796,0.0643,0.0936,1.83e+07,1.43e+05
6.48,0.171,0.451,0.0788,0.0635,0.0927,0.171,0.451,0.0788,0.0635,0.0927,1.84e+07,1.43e+05
6.49,0.174,0.452,0.0802,0.0641,0.0936,0.174,0.452,0.0802,0.0641,0.0936,1.84e+07,1.44e+05
6.65,0.173,0.455,0.0785,0.0639,0.0929,0.173,0.455,0.0785,0.0639,0.0929,1.84e+07,1.44e+05
6.37,0.17,0.446,0.0773,0.0628,0.0924,0.17,0.446,0.0773,0.0628,0.0924,1.85e+07,1.44e+05
6.49,0.168,0.447,0.0786,0.062,0.0909,0.168,0.447,0.0786,0.062,0.0909,1.85e+07,1.45e+05
6.47,0.169,0.442,0.0783,0.0632,0.0914,0.169,0.442,0.0783,0.0632,0.0914,1.85e+07,1.45e+05
6.46,0.169,0.445,0.0793,0.0621,0.0918,0.169,0.445,0.0793,0.0621,0.0918,1.86e+07,1.45e+05
6.27,0.171,0.448,0.0788,0.0626,0.0922,0.171,0.448,0.0788,0.0626,0.0922,1.86e+07,1.46e+05
6.52,0.17,0.45,0.0764,0.0623,0.0915,0.17,0.45,0.0764,0.0623,0.0915,1.87e+07,1.46e+05
6.41,0.17,0.442,0.08,0.0645,0.0916,0.17,0.442,0.08,0.0645,0.0916,1.87e+07,1.46e+05
6.52,0.171,0.453,0.0779,0.0621,0.0907,0.171,0.453,0.0779,0.0621,0.0907,1.87e+07,1.46e+05
6.4,0.172,0.453,0.0794,0.0607,0.0919,0.172,0.453,0.0794,0.0607,0.0919,1.88e+07,1.47e+05
6.55,0.172,0.455,0.0787,0.062,0.0906,0.172,0.455,0.0787,0.062,0.0906,1.88e+07,1.47e+05
6.6,0.17,0.45,0.0779,0.0612,0.0911,0.17,0.45,0.0779,0.0612,0.0911,1.89e+07,1.47e+05
6.47,0.171,0.453,0.0781,0.0627,0.0909,0.171,0.453,0.0781,0.0627,0.0909,1.89e+07,1.48e+05
6.43,0.169,0.448,0.0793,0.0622,0.0905,0.169,0.448,0.0793,0.0622,0.0905,1.89e+07,1.48e+05
6.57,0.167,0.446,0.0782,0.0607,0.0905,0.167,0.446,0.0782,0.0607,0.0905,1.9e+07,1.48e+05
6.66,0.169,0.449,0.0786,0.0605,0.0904,0.169,0.449,0.0786,0.0605,0.0904,1.9e+07,1.48e+05
6.55,0.17,0.449,0.0782,0.0615,0.0898,0.17,0.449,0.0782,0.0615,0.0898,1.9e+07,1.49e+05
6.65,0.17,0.451,0.0776,0.061,0.0902,0.17,0.451,0.0776,0.061,0.0902,1.91e+07,1.49e+05
6.49,0.171,0.451,0.0778,0.0618,0.09,0.171,0.451,0.0778,0.0618,0.09,1.91e+07,1.49e+05
6.55,0.17,0.448,0.0779,0.0619,0.0901,0.17,0.448,0.0779,0.0619,0.0901,1.92e+07,1.5e+05
6.58,0.17,0.447,0.0781,0.0613,0.0895,0.17,0.447,0.0781,0.0613,0.0895,1.92e+07,1.5e+05
6.44,0.169,0.452,0.0761,0.0611,0.0904,0.169,0.452,0.0761,0.0611,0.0904,1.92e+07,1.5e+05
6.57,0.17,0.45,0.0777,0.0602,0.09,0.17,0.45,0.0777,0.0602,0.09,1.93e+07,1.51e+05
6.35,0.168,0.454,0.0778,0.0596,0.0888,0.168,0.454,0.0778,0.0596,0.0888,1.93e+07,1.51e+05
6.46,0.169,0.448,0.078,0.0606,0.0894,0.169,0.448,0.078,0.0606,0.0894,1.94e+07,1.51e+05
6.45,0.168,0.448,0.0776,0.0601,0.0894,0.168,0.448,0.0776,0.0601,0.0894,1.94e+07,1.52e+05
6.81,0.171,0.453,0.0792,0.0601,0.0894,0.171,0.453,0.0792,0.0601,0.0894,1.94e+07,1.52e+05
6.36,0.17,0.454,0.0779,0.0601,0.0893,0.17,0.454,0.0779,0.0601,0.0893,1.95e+07,1.52e+05
6.4,0.172,0.457,0.0769,0.0618,0.0892,0.172,0.457,0.0769,0.0618,0.0892,1.95e+07,1.52e+05
6.32,0.169,0.452,0.0772,0.0598,0.0882,0.169,0.452,0.0772,0.0598,0.0882,1.95e+07,1.53e+05
6.36,0.17,0.453,0.0777,0.0596,0.0885,0.17,0.453,0.0777,0.0596,0.0885,1.96e+07,1.53e+05
6.63,0.17,0.454,0.0784,0.0598,0.0881,0.17,0.454,0.0784,0.0598,0.0881,1.96e+07,1.53e+05
6.57,0.17,0.455,0.0789,0.0599,0.0884,0.17,0.455,0.0789,0.0599,0.0884,1.97e+07,1.54e+05
6.42,0.172,0.456,0.0802,0.0603,0.0893,0.172,0.456,0.0802,0.0603,0.0893,1.97e+07,1.54e+05
6.4,0.167,0.443,0.0789,0.0598,0.0893,0.167,0.443,0.0789,0.0598,0.0893,1.97e+07,1.54e+05
6.51,0.169,0.447,0.0783,0.0603,0.0887,0.169,0.447,0.0783,0.0603,0.0887,1.98e+07,1.54e+05
6.43,0.169,0.45,0.079,0.0594,0.0888,0.169,0.45,0.079,0.0594,0.0888,1.98e+07,1.55e+05
6.31,0.169,0.444,0.0796,0.0599,0.0901,0.169,0.444,0.0796,0.0599,0.0901,1.99e+07,1.55e+05
6.35,0.17,0.449,0.0777,0.0597,0.0894,0.17,0.449,0.0777,0.0597,0.0894,1.99e+07,1.55e+05
6.28,0.17,0.449,0.0784,0.06,0.088,0.17,0.449,0.0784,0.06,0.088,1.99e+07,1.56e+05
6.59,0.17,0.45,0.0786,0.0595,0.0883,0.17,0.45,0.0786,0.0595,0.0883,2e+07,1.56e+05
6.4,0.168,0.449,0.0788,0.0585,0.0871,0.168,0.449,0.0788,0.0585,0.0871,2e+07,1.56e+05
6.42,0.169,0.449,0.0789,0.0597,0.0875,0.169,0.449,0.0789,0.0597,0.0875,2e+07,1.57e+05
6.33,0.169,0.447,0.0775,0.0594,0.0872,0.169,0.447,0.0775,0.0594,0.0872,2.01e+07,1.57e+05
6.38,0.169,0.457,0.0779,0.0593,0.0883,0.169,0.457,0.0779,0.0593,0.0883,2.01e+07,1.57e+05
6.42,0.172,0.463,0.078,0.0581,0.0884,0.172,0.463,0.078,0.0581,0.0884,2.02e+07,1.58e+05
6.2,0.167,0.444,0.0778,0.0594,0.0869,0.167,0.444,0.0778,0.0594,0.0869,2.02e+07,1.58e+05
6.27,0.169,0.451,0.0783,0.0598,0.0883,0.169,0.451,0.0783,0.0598,0.0883,2.02e+07,1.58e+05
6.19,0.17,0.451,0.0792,0.0592,0.0873,0.17,0.451,0.0792,0.0592,0.0873,2.03e+07,1.58e+05
6.37,0.167,0.449,0.0789,0.0585,0.0869,0.167,0.449,0.0789,0.0585,0.0869,2.03e+07,1.59e+05
6.43,0.168,0.451,0.0777,0.059,0.0869,0.168,0.451,0.0777,0.059,0.0869,2.04e+07,1.59e+05
6.38,0.169,0.448,0.0785,0.0581,0.087,0.169,0.448,0.0785,0.0581,0.087,2.04e+07,1.59e+05
6.35,0.17,0.45,0.0787,0.0587,0.0876,0.17,0.45,0.0787,0.0587,0.0876,2.04e+07,1.6e+05
6.42,0.17,0.455,0.0805,0.0586,0.088,0.17,0.455,0.0805,0.0586,0.088,2.05e+07,1.6e+05
6.36,0.17,0.449,0.0788,0.0589,0.0864,0.17,0.449,0.0788,0.0589,0.0864,2.05e+07,1.6e+05
6.45,0.17,0.448,0.0795,0.0595,0.0884,0.17,0.448,0.0795,0.0595,0.0884,2.05e+07,1.60e+05
6.52,0.168,0.45,0.0785,0.0585,0.0877,0.168,0.45,0.0785,0.0585,0.0877,2.06e+07,1.61e+05
6.39,0.17,0.455,0.0801,0.0587,0.0869,0.17,0.455,0.0801,0.0587,0.0869,2.06e+07,1.61e+05
6.25,0.167,0.449,0.0784,0.0582,0.0863,0.167,0.449,0.0784,0.0582,0.0863,2.07e+07,1.61e+05
6.13,0.169,0.45,0.079,0.0582,0.0871,0.169,0.45,0.079,0.0582,0.0871,2.07e+07,1.62e+05
6.42,0.167,0.447,0.0782,0.0583,0.0876,0.167,0.447,0.0782,0.0583,0.0876,2.07e+07,1.62e+05
6.44,0.169,0.452,0.0778,0.0589,0.0869,0.169,0.452,0.0778,0.0589,0.0869,2.08e+07,1.62e+05
6.3,0.169,0.452,0.0781,0.0585,0.0865,0.169,0.452,0.0781,0.0585,0.0865,2.08e+07,1.63e+05
6.46,0.169,0.453,0.0787,0.0574,0.0857,0.169,0.453,0.0787,0.0574,0.0857,2.09e+07,1.63e+05
6.2,0.168,0.449,0.077,0.0586,0.0873,0.168,0.449,0.077,0.0586,0.0873,2.09e+07,1.63e+05
6.2,0.169,0.45,0.0784,0.0591,0.0872,0.169,0.45,0.0784,0.0591,0.0872,2.09e+07,1.64e+05
6.2,0.169,0.454,0.079,0.0584,0.0865,0.169,0.454,0.079,0.0584,0.0865,2.1e+07,1.64e+05
6.45,0.17,0.451,0.0771,0.0584,0.086,0.17,0.451,0.0771,0.0584,0.086,2.1e+07,1.64e+05
6.17,0.167,0.452,0.0787,0.0567,0.0866,0.167,0.452,0.0787,0.0567,0.0866,2.1e+07,1.64e+05
6.22,0.169,0.448,0.0785,0.0579,0.0861,0.169,0.448,0.0785,0.0579,0.0861,2.11e+07,1.65e+05
6.24,0.167,0.449,0.0797,0.0581,0.0856,0.167,0.449,0.0797,0.0581,0.0856,2.11e+07,1.65e+05
6.35,0.169,0.449,0.0786,0.057,0.0861,0.169,0.449,0.0786,0.057,0.0861,2.12e+07,1.65e+05
6.14,0.167,0.446,0.0777,0.0576,0.0862,0.167,0.446,0.0777,0.0576,0.0862,2.12e+07,1.66e+05
6.32,0.169,0.451,0.0803,0.0574,0.0869,0.169,0.451,0.0803,0.0574,0.0869,2.12e+07,1.66e+05
6.29,0.17,0.451,0.0799,0.0572,0.0863,0.17,0.451,0.0799,0.0572,0.0863,2.13e+07,1.66e+05
6.16,0.168,0.451,0.0798,0.058,0.0868,0.168,0.451,0.0798,0.058,0.0868,2.13e+07,1.66e+05
6.21,0.167,0.447,0.079,0.0572,0.0858,0.167,0.447,0.079,0.0572,0.0858,2.14e+07,1.67e+05
6.36,0.17,0.458,0.0789,0.0572,0.0853,0.17,0.458,0.0789,0.0572,0.0853,2.14e+07,1.67e+05
6.12,0.166,0.446,0.0796,0.0577,0.0852,0.166,0.446,0.0796,0.0577,0.0852,2.14e+07,1.67e+05
6.36,0.167,0.448,0.0782,0.0573,0.0848,0.167,0.448,0.0782,0.0573,0.0848,2.15e+07,1.68e+05
6.27,0.168,0.449,0.0792,0.0575,0.086,0.168,0.449,0.0792,0.0575,0.086,2.15e+07,1.68e+05
6.19,0.167,0.445,0.0789,0.0569,0.0862,0.167,0.445,0.0789,0.0569,0.0862,2.15e+07,1.68e+05
6.17,0.168,0.449,0.0778,0.0571,0.0859,0.168,0.449,0.0778,0.0571,0.0859,2.16e+07,1.69e+05
6.31,0.168,0.448,0.0788,0.0574,0.0855,0.168,0.448,0.0788,0.0574,0.0855,2.16e+07,1.69e+05
6.14,0.168,0.448,0.0783,0.0579,0.086,0.168,0.448,0.0783,0.0579,0.086,2.17e+07,1.69e+05
6.08,0.168,0.446,0.0792,0.0571,0.0864,0.168,0.446,0.0792,0.0571,0.0864,2.17e+07,1.7e+05
6.2,0.167,0.446,0.0774,0.0575,0.0863,0.167,0.446,0.0774,0.0575,0.0863,2.17e+07,1.7e+05
6.16,0.167,0.454,0.0783,0.0569,0.085,0.167,0.454,0.0783,0.0569,0.085,2.18e+07,1.7e+05
6.06,0.167,0.447,0.0801,0.0566,0.086,0.167,0.447,0.0801,0.0566,0.086,2.18e+07,1.7e+05
6.11,0.168,0.451,0.0791,0.0566,0.0849,0.168,0.451,0.0791,0.0566,0.0849,2.18e+07,1.71e+05
6.34,0.167,0.452,0.0785,0.0571,0.0846,0.167,0.452,0.0785,0.0571,0.0846,2.19e+07,1.71e+05
6.33,0.167,0.448,0.0796,0.0572,0.0847,0.167,0.448,0.0796,0.0572,0.0847,2.19e+07,1.71e+05
6.04,0.165,0.45,0.0771,0.0567,0.0835,0.165,0.45,0.0771,0.0567,0.0835,2.2e+07,1.72e+05
6.06,0.168,0.45,0.0788,0.0567,0.0848,0.168,0.45,0.0788,0.0567,0.0848,2.2e+07,1.72e+05
6.17,0.167,0.447,0.0777,0.0563,0.0871,0.167,0.447,0.0777,0.0563,0.0871,2.2e+07,1.72e+05
6.07,0.166,0.445,0.0791,0.057,0.086,0.166,0.445,0.0791,0.057,0.086,2.21e+07,1.72e+05
6.2,0.168,0.448,0.0785,0.0569,0.0854,0.168,0.448,0.0785,0.0569,0.0854,2.21e+07,1.73e+05
6.31,0.164,0.445,0.0781,0.0562,0.0835,0.164,0.445,0.0781,0.0562,0.0835,2.22e+07,1.73e+05
6.06,0.165,0.442,0.0785,0.0567,0.0854,0.165,0.442,0.0785,0.0567,0.0854,2.22e+07,1.73e+05
6.18,0.167,0.448,0.0793,0.057,0.0851,0.167,0.448,0.0793,0.057,0.0851,2.22e+07,1.74e+05
6.04,0.167,0.447,0.0772,0.0571,0.0851,0.167,0.447,0.0772,0.0571,0.0851,2.23e+07,1.74e+05
6.14,0.167,0.448,0.0791,0.0562,0.0857,0.167,0.448,0.0791,0.0562,0.0857,2.23e+07,1.74e+05
6.19,0.167,0.447,0.08,0.0567,0.0849,0.167,0.447,0.08,0.0567,0.0849,2.23e+07,1.75e+05
5.9,0.168,0.45,0.0789,0.0571,0.0851,0.168,0.45,0.0789,0.0571,0.0851,2.24e+07,1.75e+05
6.23,0.17,0.449,0.079,0.0564,0.086,0.17,0.449,0.079,0.0564,0.086,2.24e+07,1.75e+05
6.22,0.165,0.441,0.0793,0.057,0.0851,0.165,0.441,0.0793,0.057,0.0851,2.25e+07,1.76e+05
6.09,0.169,0.448,0.0794,0.0567,0.085,0.169,0.448,0.0794,0.0567,0.085,2.25e+07,1.76e+05
6,0.167,0.443,0.0782,0.0566,0.0845,0.167,0.443,0.0782,0.0566,0.0845,2.25e+07,1.76e+05
6.19,0.168,0.453,0.0792,0.0559,0.0842,0.168,0.453,0.0792,0.0559,0.0842,2.26e+07,1.76e+05
6.05,0.167,0.445,0.0786,0.0555,0.0844,0.167,0.445,0.0786,0.0555,0.0844,2.26e+07,1.77e+05
6.02,0.167,0.449,0.0792,0.0565,0.0849,0.167,0.449,0.0792,0.0565,0.0849,2.27e+07,1.77e+05
6.21,0.166,0.445,0.0778,0.0563,0.085,0.166,0.445,0.0778,0.0563,0.085,2.27e+07,1.77e+05
6.16,0.167,0.45,0.0797,0.0569,0.0844,0.167,0.45,0.0797,0.0569,0.0844,2.27e+07,1.78e+05
6.12,0.168,0.448,0.0786,0.0559,0.085,0.168,0.448,0.0786,0.0559,0.085,2.28e+07,1.78e+05
6.04,0.166,0.445,0.0778,0.0559,0.0837,0.166,0.445,0.0778,0.0559,0.0837,2.28e+07,1.78e+05
6.02,0.167,0.446,0.0803,0.0569,0.0848,0.167,0.446,0.0803,0.0569,0.0848,2.28e+07,1.78e+05
6.02,0.167,0.447,0.078,0.0561,0.0849,0.167,0.447,0.078,0.0561,0.0849,2.29e+07,1.79e+05
6.31,0.168,0.449,0.0776,0.0572,0.084,0.168,0.449,0.0776,0.0572,0.084,2.29e+07,1.79e+05
6,0.168,0.451,0.0782,0.0565,0.0844,0.168,0.451,0.0782,0.0565,0.0844,2.3e+07,1.79e+05
6.14,0.168,0.454,0.0786,0.0565,0.0842,0.168,0.454,0.0786,0.0565,0.0842,2.3e+07,1.8e+05
6.02,0.168,0.445,0.0786,0.057,0.0849,0.168,0.445,0.0786,0.057,0.0849,2.3e+07,1.8e+05
6.03,0.168,0.45,0.0795,0.0567,0.083,0.168,0.45,0.0795,0.0567,0.083,2.31e+07,1.8e+05
6.18,0.166,0.445,0.0795,0.0565,0.0841,0.166,0.445,0.0795,0.0565,0.0841,2.31e+07,1.81e+05
5.9,0.167,0.447,0.078,0.0566,0.0843,0.167,0.447,0.078,0.0566,0.0843,2.32e+07,1.81e+05
6.06,0.168,0.452,0.0794,0.056,0.0852,0.168,0.452,0.0794,0.056,0.0852,2.32e+07,1.81e+05
6.13,0.168,0.451,0.0791,0.0562,0.0845,0.168,0.451,0.0791,0.0562,0.0845,2.32e+07,1.82e+05
6.14,0.169,0.45,0.0776,0.0562,0.0837,0.169,0.45,0.0776,0.0562,0.0837,2.33e+07,1.82e+05
6.12,0.166,0.448,0.0783,0.0564,0.084,0.166,0.448,0.0783,0.0564,0.084,2.33e+07,1.82e+05
6.11,0.168,0.453,0.0791,0.0555,0.0835,0.168,0.453,0.0791,0.0555,0.0835,2.33e+07,1.82e+05
5.96,0.167,0.45,0.0798,0.0566,0.0835,0.167,0.45,0.0798,0.0566,0.0835,2.34e+07,1.83e+05
6.03,0.165,0.449,0.0778,0.055,0.0833,0.165,0.449,0.0778,0.055,0.0833,2.34e+07,1.83e+05
6.02,0.167,0.447,0.0805,0.0562,0.0832,0.167,0.447,0.0805,0.0562,0.0832,2.35e+07,1.83e+05
5.9,0.167,0.447,0.0784,0.0558,0.0844,0.167,0.447,0.0784,0.0558,0.0844,2.35e+07,1.84e+05
6.23,0.166,0.442,0.0783,0.0558,0.0841,0.166,0.442,0.0783,0.0558,0.0841,2.35e+07,1.84e+05
5.76,0.164,0.438,0.079,0.0555,0.083,0.164,0.438,0.079,0.0555,0.083,2.36e+07,1.84e+05
5.86,0.165,0.446,0.0778,0.0567,0.0832,0.165,0.446,0.0778,0.0567,0.0832,2.36e+07,1.84e+05
5.96,0.166,0.444,0.0781,0.0561,0.0837,0.166,0.444,0.0781,0.0561,0.0837,2.37e+07,1.85e+05
5.95,0.166,0.444,0.0789,0.055,0.0839,0.166,0.444,0.0789,0.055,0.0839,2.37e+07,1.85e+05
6.1,0.165,0.449,0.0778,0.055,0.0834,0.165,0.449,0.0778,0.055,0.0834,2.37e+07,1.85e+05
5.91,0.167,0.445,0.0784,0.0552,0.0848,0.167,0.445,0.0784,0.0552,0.0848,2.38e+07,1.86e+05
5.99,0.165,0.446,0.0785,0.0555,0.0838,0.165,0.446,0.0785,0.0555,0.0838,2.38e+07,1.86e+05
6.01,0.165,0.445,0.0788,0.0549,0.0842,0.165,0.445,0.0788,0.0549,0.0842,2.38e+07,1.86e+05
6,0.164,0.443,0.078,0.056,0.0828,0.164,0.443,0.078,0.056,0.0828,2.39e+07,1.87e+05
5.98,0.164,0.444,0.0796,0.0564,0.0829,0.164,0.444,0.0796,0.0564,0.0829,2.39e+07,1.87e+05
5.97,0.167,0.448,0.0792,0.0552,0.0835,0.167,0.448,0.0792,0.0552,0.0835,2.4e+07,1.87e+05
5.81,0.166,0.449,0.0781,0.0558,0.0834,0.166,0.449,0.0781,0.0558,0.0834,2.4e+07,1.88e+05
5.89,0.165,0.445,0.0796,0.055,0.0839,0.165,0.445,0.0796,0.055,0.0839,2.4e+07,1.88e+05
5.88,0.167,0.45,0.0793,0.0564,0.0825,0.167,0.45,0.0793,0.0564,0.0825,2.41e+07,1.88e+05
5.89,0.164,0.441,0.0789,0.0555,0.0836,0.164,0.441,0.0789,0.0555,0.0836,2.41e+07,1.88e+05
5.96,0.166,0.447,0.0786,0.056,0.0835,0.166,0.447,0.0786,0.056,0.0835,2.42e+07,1.89e+05
5.98,0.167,0.446,0.0791,0.0557,0.0831,0.167,0.446,0.0791,0.0557,0.0831,2.42e+07,1.89e+05
5.94,0.167,0.45,0.08,0.0554,0.0827,0.167,0.45,0.08,0.0554,0.0827,2.42e+07,1.89e+05
5.89,0.167,0.445,0.0793,0.0551,0.0829,0.167,0.445,0.0793,0.0551,0.0829,2.43e+07,1.9e+05
6.06,0.166,0.443,0.0775,0.0563,0.0839,0.166,0.443,0.0775,0.0563,0.0839,2.43e+07,1.9e+05
5.95,0.167,0.447,0.0778,0.0554,0.0849,0.167,0.447,0.0778,0.0554,0.0849,2.43e+07,1.9e+05
5.93,0.166,0.443,0.0772,0.0562,0.084,0.166,0.443,0.0772,0.0562,0.084,2.44e+07,1.90e+05
5.8,0.166,0.446,0.0792,0.0553,0.0835,0.166,0.446,0.0792,0.0553,0.0835,2.44e+07,1.91e+05
6,0.167,0.449,0.08,0.056,0.0837,0.167,0.449,0.08,0.056,0.0837,2.45e+07,1.91e+05
5.91,0.165,0.441,0.0799,0.0565,0.0824,0.165,0.441,0.0799,0.0565,0.0824,2.45e+07,1.91e+05
5.99,0.165,0.442,0.0798,0.0558,0.0836,0.165,0.442,0.0798,0.0558,0.0836,2.45e+07,1.92e+05
5.87,0.166,0.445,0.0781,0.055,0.0835,0.166,0.445,0.0781,0.055,0.0835,2.46e+07,1.92e+05
5.94,0.166,0.442,0.0801,0.0549,0.0829,0.166,0.442,0.0801,0.0549,0.0829,2.46e+07,1.92e+05
5.78,0.166,0.447,0.079,0.0552,0.0811,0.166,0.447,0.079,0.0552,0.0811,2.47e+07,1.93e+05
5.88,0.165,0.441,0.079,0.0564,0.0822,0.165,0.441,0.079,0.0564,0.0822,2.47e+07,1.93e+05
6.01,0.168,0.451,0.0782,0.0562,0.0831,0.168,0.451,0.0782,0.0562,0.0831,2.47e+07,1.93e+05
5.79,0.166,0.441,0.0787,0.055,0.0834,0.166,0.441,0.0787,0.055,0.0834,2.48e+07,1.94e+05
5.86,0.164,0.441,0.0783,0.056,0.0837,0.164,0.441,0.0783,0.056,0.0837,2.48e+07,1.94e+05
5.6,0.164,0.442,0.0784,0.0547,0.082,0.164,0.442,0.0784,0.0547,0.082,2.48e+07,1.94e+05
6,0.168,0.447,0.0806,0.0559,0.0838,0.168,0.447,0.0806,0.0559,0.0838,2.49e+07,1.94e+05
5.77,0.166,0.448,0.0783,0.0544,0.083,0.166,0.448,0.0783,0.0544,0.083,2.49e+07,1.95e+05
5.72,0.165,0.446,0.0784,0.0545,0.0819,0.165,0.446,0.0784,0.0545,0.0819,2.5e+07,1.95e+05
5.74,0.165,0.445,0.0796,0.0559,0.0818,0.165,0.445,0.0796,0.0559,0.0818,2.5e+07,1.95e+05
5.89,0.165,0.44,0.0796,0.0552,0.0819,0.165,0.44,0.0796,0.0552,0.0819,2.5e+07,1.96e+05
6,0.165,0.445,0.079,0.0551,0.0826,0.165,0.445,0.079,0.0551,0.0826,2.51e+07,1.96e+05
5.83,0.167,0.447,0.08,0.0554,0.0832,0.167,0.447,0.08,0.0554,0.0832,2.51e+07,1.96e+05
5.76,0.163,0.44,0.0792,0.0554,0.0816,0.163,0.44,0.0792,0.0554,0.0816,2.52e+07,1.96e+05
5.81,0.165,0.441,0.079,0.0556,0.0823,0.165,0.441,0.079,0.0556,0.0823,2.52e+07,1.97e+05
5.82,0.166,0.445,0.0793,0.0551,0.0821,0.166,0.445,0.0793,0.0551,0.0821,2.52e+07,1.97e+05
5.79,0.164,0.445,0.0785,0.0553,0.0815,0.164,0.445,0.0785,0.0553,0.0815,2.53e+07,1.97e+05
5.92,0.165,0.448,0.0788,0.0545,0.0817,0.165,0.448,0.0788,0.0545,0.0817,2.53e+07,1.98e+05
5.78,0.165,0.446,0.0793,0.0546,0.0827,0.165,0.446,0.0793,0.0546,0.0827,2.53e+07,1.98e+05
5.86,0.167,0.445,0.0783,0.0549,0.0831,0.167,0.445,0.0783,0.0549,0.0831,2.54e+07,1.98e+05
5.84,0.164,0.435,0.0792,0.0555,0.0828,0.164,0.435,0.0792,0.0555,0.0828,2.54e+07,1.99e+05
5.9,0.165,0.44,0.0804,0.0558,0.0822,0.165,0.44,0.0804,0.0558,0.0822,2.55e+07,1.99e+05
5.75,0.165,0.442,0.0797,0.0546,0.0837,0.165,0.442,0.0797,0.0546,0.0837,2.55e+07,1.99e+05
5.75,0.165,0.446,0.0794,0.0549,0.0812,0.165,0.446,0.0794,0.0549,0.0812,2.55e+07,2e+05
5.92,0.164,0.44,0.0779,0.0552,0.0825,0.164,0.44,0.0779,0.0552,0.0825,2.56e+07,2e+05
5.75,0.165,0.442,0.0779,0.0553,0.0814,0.165,0.442,0.0779,0.0553,0.0814,2.56e+07,2e+05
5.75,0.162,0.432,0.0786,0.0546,0.0811,0.162,0.432,0.0786,0.0546,0.0811,2.57e+07,2e+05
5.83,0.165,0.444,0.0776,0.0548,0.0823,0.165,0.444,0.0776,0.0548,0.0823,2.57e+07,2.01e+05
5.71,0.166,0.443,0.0787,0.0554,0.0822,0.166,0.443,0.0787,0.0554,0.0822,2.57e+07,2.01e+05
5.69,0.164,0.447,0.0792,0.055,0.0815,0.164,0.447,0.0792,0.055,0.0815,2.58e+07,2.01e+05
5.69,0.164,0.441,0.078,0.0535,0.0816,0.164,0.441,0.078,0.0535,0.0816,2.58e+07,2.02e+05
5.89,0.164,0.445,0.0782,0.0538,0.0819,0.164,0.445,0.0782,0.0538,0.0819,2.58e+07,2.02e+05
5.77,0.165,0.44,0.0787,0.0555,0.0814,0.165,0.44,0.0787,0.0555,0.0814,2.59e+07,2.02e+05
5.74,0.163,0.434,0.0792,0.0547,0.0822,0.163,0.434,0.0792,0.0547,0.0822,2.59e+07,2.02e+05
5.75,0.164,0.444,0.0791,0.0549,0.081,0.164,0.444,0.0791,0.0549,0.081,2.6e+07,2.03e+05
5.63,0.167,0.45,0.0794,0.0555,0.0813,0.167,0.45,0.0794,0.0555,0.0813,2.6e+07,2.03e+05
5.74,0.164,0.446,0.0784,0.055,0.0803,0.164,0.446,0.0784,0.055,0.0803,2.6e+07,2.03e+05
5.87,0.163,0.44,0.0803,0.0542,0.081,0.163,0.44,0.0803,0.0542,0.081,2.61e+07,2.04e+05
5.78,0.166,0.444,0.0784,0.0545,0.0807,0.166,0.444,0.0784,0.0545,0.0807,2.61e+07,2.04e+05
5.78,0.163,0.436,0.0789,0.0545,0.0816,0.163,0.436,0.0789,0.0545,0.0816,2.62e+07,2.04e+05
5.78,0.164,0.443,0.0794,0.0547,0.0806,0.164,0.443,0.0794,0.0547,0.0806,2.62e+07,2.05e+05
5.58,0.162,0.438,0.0787,0.0544,0.0809,0.162,0.438,0.0787,0.0544,0.0809,2.62e+07,2.05e+05
5.79,0.165,0.445,0.0785,0.0543,0.0795,0.165,0.445,0.0785,0.0543,0.0795,2.63e+07,2.05e+05
5.79,0.165,0.442,0.0794,0.0557,0.082,0.165,0.442,0.0794,0.0557,0.082,2.63e+07,2.06e+05
5.8,0.165,0.445,0.0788,0.0556,0.0822,0.165,0.445,0.0788,0.0556,0.0822,2.63e+07,2.06e+05
5.55,0.162,0.436,0.0798,0.0531,0.081,0.162,0.436,0.0798,0.0531,0.081,2.64e+07,2.06e+05
5.89,0.163,0.438,0.0791,0.0544,0.0811,0.163,0.438,0.0791,0.0544,0.0811,2.64e+07,2.06e+05
5.71,0.162,0.437,0.0774,0.0556,0.0807,0.162,0.437,0.0774,0.0556,0.0807,2.65e+07,2.07e+05
5.71,0.162,0.439,0.0787,0.0541,0.0806,0.162,0.439,0.0787,0.0541,0.0806,2.65e+07,2.07e+05
5.79,0.165,0.44,0.0792,0.0555,0.0806,0.165,0.44,0.0792,0.0555,0.0806,2.65e+07,2.07e+05
5.61,0.163,0.443,0.0778,0.0552,0.0803,0.163,0.443,0.0778,0.0552,0.0803,2.66e+07,2.08e+05
5.72,0.165,0.437,0.0801,0.0552,0.0815,0.165,0.437,0.0801,0.0552,0.0815,2.66e+07,2.08e+05
5.46,0.161,0.433,0.0794,0.0551,0.0816,0.161,0.433,0.0794,0.0551,0.0816,2.66e+07,2.08e+05
5.74,0.163,0.442,0.0784,0.0543,0.0804,0.163,0.442,0.0784,0.0543,0.0804,2.67e+07,2.08e+05
5.65,0.163,0.441,0.0782,0.0545,0.0808,0.163,0.441,0.0782,0.0545,0.0808,2.67e+07,2.09e+05
5.69,0.163,0.439,0.0779,0.0541,0.08,0.163,0.439,0.0779,0.0541,0.08,2.68e+07,2.09e+05
5.6,0.163,0.441,0.0787,0.0542,0.0805,0.163,0.441,0.0787,0.0542,0.0805,2.68e+07,2.09e+05
5.59,0.162,0.437,0.0785,0.0538,0.0804,0.162,0.437,0.0785,0.0538,0.0804,2.68e+07,2.1e+05
5.63,0.164,0.437,0.0791,0.0544,0.0809,0.164,0.437,0.0791,0.0544,0.0809,2.69e+07,2.1e+05
5.74,0.163,0.44,0.0798,0.0538,0.0807,0.163,0.44,0.0798,0.0538,0.0807,2.69e+07,2.1e+05
5.74,0.164,0.44,0.0782,0.0547,0.0805,0.164,0.44,0.0782,0.0547,0.0805,2.7e+07,2.11e+05
5.66,0.162,0.438,0.0785,0.0543,0.0805,0.162,0.438,0.0785,0.0543,0.0805,2.7e+07,2.11e+05
5.64,0.162,0.441,0.0791,0.0546,0.0791,0.162,0.441,0.0791,0.0546,0.0791,2.7e+07,2.11e+05
5.71,0.164,0.44,0.0789,0.0538,0.0789,0.164,0.44,0.0789,0.0538,0.0789,2.71e+07,2.12e+05
5.6,0.161,0.438,0.0791,0.0536,0.0789,0.161,0.438,0.0791,0.0536,0.0789,2.71e+07,2.12e+05
5.6,0.161,0.437,0.0803,0.0541,0.08,0.161,0.437,0.0803,0.0541,0.08,2.71e+07,2.12e+05
5.57,0.163,0.443,0.0781,0.0534,0.0799,0.163,0.443,0.0781,0.0534,0.0799,2.72e+07,2.12e+05
5.75,0.166,0.445,0.0797,0.0541,0.0803,0.166,0.445,0.0797,0.0541,0.0803,2.72e+07,2.13e+05
5.66,0.164,0.443,0.0789,0.0542,0.0798,0.164,0.443,0.0789,0.0542,0.0798,2.73e+07,2.13e+05
5.59,0.162,0.439,0.0788,0.0547,0.0802,0.162,0.439,0.0788,0.0547,0.0802,2.73e+07,2.13e+05
5.59,0.163,0.436,0.0787,0.0549,0.079,0.163,0.436,0.0787,0.0549,0.079,2.73e+07,2.14e+05
5.58,0.162,0.443,0.0788,0.0535,0.0794,0.162,0.443,0.0788,0.0535,0.0794,2.74e+07,2.14e+05
5.58,0.163,0.44,0.079,0.0532,0.0793,0.163,0.44,0.079,0.0532,0.0793,2.74e+07,2.14e+05
5.77,0.163,0.436,0.0807,0.0545,0.0803,0.163,0.436,0.0807,0.0545,0.0803,2.75e+07,2.14e+05
5.63,0.162,0.438,0.0786,0.0533,0.0792,0.162,0.438,0.0786,0.0533,0.0792,2.75e+07,2.15e+05
5.75,0.162,0.438,0.08,0.0539,0.0796,0.162,0.438,0.08,0.0539,0.0796,2.75e+07,2.15e+05
5.65,0.163,0.439,0.0792,0.054,0.0796,0.163,0.439,0.0792,0.054,0.0796,2.76e+07,2.15e+05
5.77,0.164,0.438,0.0785,0.0538,0.0803,0.164,0.438,0.0785,0.0538,0.0803,2.76e+07,2.16e+05
5.7,0.164,0.441,0.0776,0.0532,0.0797,0.164,0.441,0.0776,0.0532,0.0797,2.76e+07,2.16e+05
5.74,0.162,0.437,0.0788,0.0543,0.0794,0.162,0.437,0.0788,0.0543,0.0794,2.77e+07,2.16e+05
5.64,0.163,0.436,0.0802,0.0544,0.0806,0.163,0.436,0.0802,0.0544,0.0806,2.77e+07,2.17e+05
5.6,0.165,0.445,0.0793,0.0533,0.081,0.165,0.445,0.0793,0.0533,0.081,2.78e+07,2.17e+05
5.56,0.16,0.427,0.0789,0.0533,0.0792,0.16,0.427,0.0789,0.0533,0.0792,2.78e+07,2.17e+05
5.51,0.164,0.443,0.0791,0.054,0.0801,0.164,0.443,0.0791,0.054,0.0801,2.78e+07,2.18e+05
5.56,0.163,0.439,0.0789,0.0538,0.0793,0.163,0.439,0.0789,0.0538,0.0793,2.79e+07,2.18e+05
5.64,0.163,0.44,0.0807,0.0546,0.079,0.163,0.44,0.0807,0.0546,0.079,2.79e+07,2.18e+05
5.48,0.16,0.435,0.0798,0.0523,0.0793,0.16,0.435,0.0798,0.0523,0.0793,2.8e+07,2.18e+05
5.65,0.163,0.443,0.0781,0.0533,0.0795,0.163,0.443,0.0781,0.0533,0.0795,2.8e+07,2.19e+05
5.81,0.163,0.433,0.0799,0.0543,0.0794,0.163,0.433,0.0799,0.0543,0.0794,2.8e+07,2.19e+05
5.51,0.162,0.433,0.0795,0.0539,0.0783,0.162,0.433,0.0795,0.0539,0.0783,2.81e+07,2.19e+05
5.56,0.163,0.436,0.0796,0.0533,0.0795,0.163,0.436,0.0796,0.0533,0.0795,2.81e+07,2.2e+05
5.75,0.164,0.443,0.0783,0.054,0.0797,0.164,0.443,0.0783,0.054,0.0797,2.81e+07,2.2e+05
5.62,0.165,0.442,0.0793,0.0532,0.0789,0.165,0.442,0.0793,0.0532,0.0789,2.82e+07,2.2e+05
5.53,0.16,0.432,0.0794,0.0539,0.0793,0.16,0.432,0.0794,0.0539,0.0793,2.82e+07,2.20e+05
5.55,0.164,0.439,0.0786,0.0528,0.0797,0.164,0.439,0.0786,0.0528,0.0797,2.83e+07,2.21e+05
5.55,0.163,0.431,0.0785,0.0545,0.0802,0.163,0.431,0.0785,0.0545,0.0802,2.83e+07,2.21e+05
5.66,0.163,0.438,0.0781,0.0536,0.0788,0.163,0.438,0.0781,0.0536,0.0788,2.83e+07,2.21e+05
5.79,0.162,0.434,0.0791,0.0532,0.0791,0.162,0.434,0.0791,0.0532,0.0791,2.84e+07,2.22e+05
5.74,0.16,0.431,0.0789,0.0533,0.079,0.16,0.431,0.0789,0.0533,0.079,2.84e+07,2.22e+05
5.65,0.163,0.438,0.0788,0.0537,0.0801,0.163,0.438,0.0788,0.0537,0.0801,2.85e+07,2.22e+05
5.48,0.161,0.436,0.0781,0.0536,0.0786,0.161,0.436,0.0781,0.0536,0.0786,2.85e+07,2.23e+05
5.46,0.161,0.432,0.0785,0.0536,0.0784,0.161,0.432,0.0785,0.0536,0.0784,2.85e+07,2.23e+05
5.57,0.162,0.437,0.0798,0.0541,0.0789,0.162,0.437,0.0798,0.0541,0.0789,2.86e+07,2.23e+05
5.54,0.162,0.437,0.0782,0.0535,0.0792,0.162,0.437,0.0782,0.0535,0.0792,2.86e+07,2.24e+05
5.55,0.161,0.434,0.0797,0.0522,0.0788,0.161,0.434,0.0797,0.0522,0.0788,2.86e+07,2.24e+05
5.47,0.161,0.433,0.0788,0.0535,0.0797,0.161,0.433,0.0788,0.0535,0.0797,2.87e+07,2.24e+05
5.76,0.162,0.431,0.0799,0.053,0.0803,0.162,0.431,0.0799,0.053,0.0803,2.87e+07,2.24e+05
5.51,0.164,0.44,0.0784,0.054,0.0782,0.164,0.44,0.0784,0.054,0.0782,2.88e+07,2.25e+05
5.78,0.164,0.445,0.0811,0.0526,0.0783,0.164,0.445,0.0811,0.0526,0.0783,2.88e+07,2.25e+05
5.63,0.162,0.434,0.0796,0.0533,0.08,0.162,0.434,0.0796,0.0533,0.08,2.88e+07,2.25e+05
5.66,0.162,0.438,0.0781,0.0532,0.0789,0.162,0.438,0.0781,0.0532,0.0789,2.89e+07,2.26e+05
5.46,0.162,0.438,0.0782,0.0537,0.0788,0.162,0.438,0.0782,0.0537,0.0788,2.89e+07,2.26e+05
5.74,0.161,0.428,0.0801,0.0541,0.0789,0.161,0.428,0.0801,0.0541,0.0789,2.9e+07,2.26e+05
5.48,0.161,0.438,0.0773,0.0532,0.0791,0.161,0.438,0.0773,0.0532,0.0791,2.9e+07,2.26e+05
5.57,0.161,0.433,0.0788,0.0537,0.0776,0.161,0.433,0.0788,0.0537,0.0776,2.9e+07,2.27e+05
5.43,0.163,0.44,0.0792,0.053,0.0786,0.163,0.44,0.0792,0.053,0.0786,2.91e+07,2.27e+05
5.57,0.162,0.435,0.0792,0.0535,0.0794,0.162,0.435,0.0792,0.0535,0.0794,2.91e+07,2.27e+05
5.6,0.162,0.439,0.0791,0.0528,0.0787,0.162,0.439,0.0791,0.0528,0.0787,2.91e+07,2.28e+05
5.66,0.164,0.441,0.0784,0.0522,0.0802,0.164,0.441,0.0784,0.0522,0.0802,2.92e+07,2.28e+05
5.54,0.162,0.437,0.0782,0.0534,0.0787,0.162,0.437,0.0782,0.0534,0.0787,2.92e+07,2.28e+05
5.58,0.162,0.436,0.0783,0.0535,0.0786,0.162,0.436,0.0783,0.0535,0.0786,2.93e+07,2.29e+05
5.58,0.16,0.432,0.0785,0.0532,0.0776,0.16,0.432,0.0785,0.0532,0.0776,2.93e+07,2.29e+05
5.6,0.163,0.442,0.0793,0.0528,0.0783,0.163,0.442,0.0793,0.0528,0.0783,2.93e+07,2.29e+05
5.51,0.161,0.442,0.0787,0.0533,0.0781,0.161,0.442,0.0787,0.0533,0.0781,2.94e+07,2.3e+05
5.58,0.163,0.439,0.0794,0.053,0.0776,0.163,0.439,0.0794,0.053,0.0776,2.94e+07,2.3e+05
5.55,0.162,0.435,0.0792,0.0545,0.0784,0.162,0.435,0.0792,0.0545,0.0784,2.95e+07,2.3e+05
5.59,0.161,0.434,0.0804,0.0523,0.0783,0.161,0.434,0.0804,0.0523,0.0783,2.95e+07,2.3e+05
5.67,0.163,0.438,0.0779,0.0535,0.0782,0.163,0.438,0.0779,0.0535,0.0782,2.95e+07,2.31e+05
5.6,0.161,0.432,0.0783,0.0538,0.0792,0.161,0.432,0.0783,0.0538,0.0792,2.96e+07,2.31e+05
5.49,0.16,0.436,0.0794,0.0533,0.0782,0.16,0.436,0.0794,0.0533,0.0782,2.96e+07,2.31e+05
5.51,0.161,0.433,0.0787,0.0532,0.0785,0.161,0.433,0.0787,0.0532,0.0785,2.96e+07,2.32e+05
5.66,0.162,0.437,0.0783,0.0532,0.0784,0.162,0.437,0.0783,0.0532,0.0784,2.97e+07,2.32e+05
5.45,0.159,0.435,0.0789,0.053,0.077,0.159,0.435,0.0789,0.053,0.077,2.97e+07,2.32e+05
5.5,0.162,0.44,0.0799,0.0527,0.0768,0.162,0.44,0.0799,0.0527,0.0768,2.98e+07,2.32e+05
5.57,0.16,0.435,0.0802,0.0534,0.0772,0.16,0.435,0.0802,0.0534,0.0772,2.98e+07,2.33e+05
5.48,0.159,0.429,0.0793,0.053,0.0781,0.159,0.429,0.0793,0.053,0.0781,2.98e+07,2.33e+05
5.56,0.161,0.429,0.0793,0.0526,0.0786,0.161,0.429,0.0793,0.0526,0.0786,2.99e+07,2.33e+05
5.59,0.161,0.434,0.08,0.0534,0.0787,0.161,0.434,0.08,0.0534,0.0787,2.99e+07,2.34e+05
5.33,0.159,0.432,0.0795,0.0535,0.0767,0.159,0.432,0.0795,0.0535,0.0767,3e+07,2.34e+05
5.53,0.161,0.43,0.0789,0.0523,0.0777,0.161,0.43,0.0789,0.0523,0.0777,3e+07,2.34e+05
5.49,0.158,0.427,0.0785,0.0529,0.0777,0.158,0.427,0.0785,0.0529,0.0777,3e+07,2.35e+05
5.34,0.161,0.434,0.0803,0.0537,0.0787,0.161,0.434,0.0803,0.0537,0.0787,3.01e+07,2.35e+05
5.44,0.162,0.439,0.0794,0.0527,0.0769,0.162,0.439,0.0794,0.0527,0.0769,3.01e+07,2.35e+05
5.62,0.165,0.441,0.0798,0.0545,0.0781,0.165,0.441,0.0798,0.0545,0.0781,3.01e+07,2.36e+05
5.51,0.16,0.429,0.0779,0.0534,0.0793,0.16,0.429,0.0779,0.0534,0.0793,3.02e+07,2.36e+05
5.49,0.161,0.434,0.0798,0.0538,0.0782,0.161,0.434,0.0798,0.0538,0.0782,3.02e+07,2.36e+05
5.39,0.16,0.429,0.0784,0.0546,0.078,0.16,0.429,0.0784,0.0546,0.078,3.03e+07,2.36e+05
5.49,0.163,0.435,0.0807,0.0524,0.0786,0.163,0.435,0.0807,0.0524,0.0786,3.03e+07,2.37e+05
5.47,0.161,0.433,0.0775,0.053,0.0773,0.161,0.433,0.0775,0.053,0.0773,3.03e+07,2.37e+05
5.51,0.163,0.443,0.0775,0.0534,0.0774,0.163,0.443,0.0775,0.0534,0.0774,3.04e+07,2.37e+05
5.54,0.162,0.437,0.08,0.053,0.078,0.162,0.437,0.08,0.053,0.078,3.04e+07,2.38e+05
5.44,0.163,0.441,0.0782,0.054,0.0771,0.163,0.441,0.0782,0.054,0.0771,3.05e+07,2.38e+05
5.52,0.163,0.439,0.0802,0.0526,0.0785,0.163,0.439,0.0802,0.0526,0.0785,3.05e+07,2.38e+05
5.59,0.161,0.432,0.0781,0.0533,0.0778,0.161,0.432,0.0781,0.0533,0.0778,3.05e+07,2.38e+05
5.58,0.162,0.437,0.0788,0.0534,0.0782,0.162,0.437,0.0788,0.0534,0.0782,3.06e+07,2.39e+05
5.47,0.163,0.436,0.0798,0.0533,0.0773,0.163,0.436,0.0798,0.0533,0.0773,3.06e+07,2.39e+05
5.56,0.162,0.437,0.0794,0.0539,0.0771,0.162,0.437,0.0794,0.0539,0.0771,3.06e+07,2.39e+05
5.63,0.16,0.431,0.0794,0.053,0.0772,0.16,0.431,0.0794,0.053,0.0772,3.07e+07,2.4e+05
5.55,0.161,0.435,0.0792,0.0523,0.0778,0.161,0.435,0.0792,0.0523,0.0778,3.07e+07,2.4e+05
5.34,0.162,0.433,0.0791,0.0539,0.0784,0.162,0.433,0.0791,0.0539,0.0784,3.08e+07,2.4e+05
5.52,0.162,0.437,0.0798,0.0533,0.0785,0.162,0.437,0.0798,0.0533,0.0785,3.08e+07,2.41e+05
5.58,0.159,0.432,0.0807,0.0526,0.0776,0.159,0.432,0.0807,0.0526,0.0776,3.08e+07,2.41e+05
5.49,0.16,0.43,0.0792,0.0532,0.0766,0.16,0.43,0.0792,0.0532,0.0766,3.09e+07,2.41e+05
5.57,0.162,0.436,0.0788,0.0532,0.0781,0.162,0.436,0.0788,0.0532,0.0781,3.09e+07,2.42e+05
5.57,0.161,0.433,0.0786,0.0525,0.078,0.161,0.433,0.0786,0.0525,0.078,3.1e+07,2.42e+05
5.61,0.164,0.434,0.0796,0.053,0.0787,0.164,0.434,0.0796,0.053,0.0787,3.1e+07,2.42e+05
5.47,0.162,0.434,0.0798,0.0527,0.0788,0.162,0.434,0.0798,0.0527,0.0788,3.1e+07,2.42e+05
5.53,0.162,0.433,0.0803,0.0533,0.0775,0.162,0.433,0.0803,0.0533,0.0775,3.11e+07,2.43e+05
5.5,0.16,0.429,0.0799,0.0532,0.078,0.16,0.429,0.0799,0.0532,0.078,3.11e+07,2.43e+05
5.6,0.163,0.438,0.0777,0.0529,0.0782,0.163,0.438,0.0777,0.0529,0.0782,3.11e+07,2.43e+05
5.35,0.161,0.433,0.0787,0.0534,0.0786,0.161,0.433,0.0787,0.0534,0.0786,3.12e+07,2.44e+05
5.47,0.16,0.428,0.0798,0.0525,0.0782,0.16,0.428,0.0798,0.0525,0.0782,3.12e+07,2.44e+05
5.5,0.16,0.436,0.0796,0.052,0.0775,0.16,0.436,0.0796,0.052,0.0775,3.13e+07,2.44e+05
5.45,0.161,0.433,0.08,0.0521,0.0777,0.161,0.433,0.08,0.0521,0.0777,3.13e+07,2.44e+05
5.53,0.16,0.432,0.0796,0.0519,0.0768,0.16,0.432,0.0796,0.0519,0.0768,3.13e+07,2.45e+05
5.41,0.161,0.43,0.0795,0.053,0.0784,0.161,0.43,0.0795,0.053,0.0784,3.14e+07,2.45e+05
5.4,0.16,0.433,0.0786,0.0521,0.0789,0.16,0.433,0.0786,0.0521,0.0789,3.14e+07,2.45e+05
5.36,0.164,0.443,0.0802,0.0533,0.0769,0.164,0.443,0.0802,0.0533,0.0769,3.14e+07,2.46e+05
5.54,0.161,0.436,0.0782,0.0529,0.0778,0.161,0.436,0.0782,0.0529,0.0778,3.15e+07,2.46e+05
5.28,0.161,0.435,0.0801,0.0528,0.0778,0.161,0.435,0.0801,0.0528,0.0778,3.15e+07,2.46e+05
5.52,0.16,0.433,0.0804,0.0531,0.0782,0.16,0.433,0.0804,0.0531,0.0782,3.16e+07,2.47e+05
5.37,0.16,0.432,0.079,0.0537,0.0781,0.16,0.432,0.079,0.0537,0.0781,3.16e+07,2.47e+05
5.4,0.159,0.434,0.0784,0.0527,0.0766,0.159,0.434,0.0784,0.0527,0.0766,3.16e+07,2.47e+05
5.49,0.161,0.43,0.0793,0.0526,0.0783,0.161,0.43,0.0793,0.0526,0.0783,3.17e+07,2.48e+05
5.58,0.16,0.432,0.0786,0.053,0.0785,0.16,0.432,0.0786,0.053,0.0785,3.17e+07,2.48e+05
5.49,0.161,0.432,0.08,0.0525,0.0777,0.161,0.432,0.08,0.0525,0.0777,3.18e+07,2.48e+05
5.43,0.16,0.432,0.0785,0.0522,0.0776,0.16,0.432,0.0785,0.0522,0.0776,3.18e+07,2.48e+05
5.31,0.159,0.428,0.0794,0.0524,0.0782,0.159,0.428,0.0794,0.0524,0.0782,3.18e+07,2.49e+05
5.46,0.16,0.432,0.0798,0.0515,0.0768,0.16,0.432,0.0798,0.0515,0.0768,3.19e+07,2.49e+05
5.37,0.16,0.431,0.08,0.0522,0.0767,0.16,0.431,0.08,0.0522,0.0767,3.19e+07,2.49e+05
5.37,0.16,0.433,0.08,0.0526,0.0779,0.16,0.433,0.08,0.0526,0.0779,3.19e+07,2.5e+05
5.35,0.161,0.432,0.0807,0.052,0.0763,0.161,0.432,0.0807,0.052,0.0763,3.2e+07,2.5e+05
5.47,0.162,0.432,0.0798,0.0524,0.0779,0.162,0.432,0.0798,0.0524,0.0779,3.2e+07,2.5e+05
5.42,0.159,0.43,0.0801,0.0525,0.0774,0.159,0.43,0.0801,0.0525,0.0774,3.21e+07,2.50e+05
5.4,0.161,0.43,0.0774,0.0532,0.079,0.161,0.43,0.0774,0.0532,0.079,3.21e+07,2.51e+05
5.49,0.161,0.436,0.0786,0.0523,0.0779,0.161,0.436,0.0786,0.0523,0.0779,3.21e+07,2.51e+05
5.51,0.161,0.432,0.0792,0.0531,0.0795,0.161,0.432,0.0792,0.0531,0.0795,3.22e+07,2.51e+05
5.47,0.16,0.433,0.0787,0.053,0.0778,0.16,0.433,0.0787,0.053,0.0778,3.22e+07,2.52e+05
5.39,0.162,0.432,0.0788,0.0524,0.0769,0.162,0.432,0.0788,0.0524,0.0769,3.23e+07,2.52e+05
5.55,0.161,0.44,0.0793,0.0523,0.0769,0.161,0.44,0.0793,0.0523,0.0769,3.23e+07,2.52e+05
5.42,0.163,0.434,0.0785,0.0529,0.0776,0.163,0.434,0.0785,0.0529,0.0776,3.23e+07,2.53e+05
5.42,0.163,0.437,0.0782,0.0527,0.0784,0.163,0.437,0.0782,0.0527,0.0784,3.24e+07,2.53e+05
5.39,0.162,0.435,0.0788,0.0527,0.078,0.162,0.435,0.0788,0.0527,0.078,3.24e+07,2.53e+05
5.33,0.16,0.433,0.0785,0.0528,0.0767,0.16,0.433,0.0785,0.0528,0.0767,3.24e+07,2.54e+05
5.39,0.16,0.44,0.0793,0.052,0.0768,0.16,0.44,0.0793,0.052,0.0768,3.25e+07,2.54e+05
5.38,0.159,0.432,0.079,0.0519,0.0775,0.159,0.432,0.079,0.0519,0.0775,3.25e+07,2.54e+05
5.44,0.161,0.435,0.0783,0.0522,0.0767,0.161,0.435,0.0783,0.0522,0.0767,3.26e+07,2.54e+05
5.35,0.157,0.426,0.0793,0.0519,0.0772,0.157,0.426,0.0793,0.0519,0.0772,3.26e+07,2.55e+05
5.46,0.162,0.435,0.08,0.0528,0.0771,0.162,0.435,0.08,0.0528,0.0771,3.26e+07,2.55e+05
5.52,0.162,0.441,0.0789,0.0525,0.0768,0.162,0.441,0.0789,0.0525,0.0768,3.27e+07,2.55e+05
5.44,0.161,0.428,0.0791,0.0528,0.0779,0.161,0.428,0.0791,0.0528,0.0779,3.27e+07,2.56e+05
5.47,0.158,0.43,0.0795,0.0527,0.0767,0.158,0.43,0.0795,0.0527,0.0767,3.28e+07,2.56e+05
5.36,0.161,0.435,0.0796,0.0532,0.0767,0.161,0.435,0.0796,0.0532,0.0767,3.28e+07,2.56e+05
5.39,0.16,0.431,0.081,0.0516,0.0771,0.16,0.431,0.081,0.0516,0.0771,3.28e+07,2.56e+05
5.35,0.159,0.432,0.0794,0.0526,0.0772,0.159,0.432,0.0794,0.0526,0.0772,3.29e+07,2.57e+05
5.38,0.159,0.434,0.0775,0.0524,0.077,0.159,0.434,0.0775,0.0524,0.077,3.29e+07,2.57e+05
5.25,0.161,0.436,0.0813,0.0524,0.0782,0.161,0.436,0.0813,0.0524,0.0782,3.29e+07,2.57e+05
5.34,0.158,0.43,0.0796,0.052,0.077,0.158,0.43,0.0796,0.052,0.077,3.3e+07,2.58e+05
5.28,0.158,0.43,0.0795,0.0523,0.0759,0.158,0.43,0.0795,0.0523,0.0759,3.3e+07,2.58e+05
5.41,0.16,0.433,0.0789,0.0529,0.0756,0.16,0.433,0.0789,0.0529,0.0756,3.31e+07,2.58e+05
5.45,0.161,0.433,0.0803,0.0527,0.0774,0.161,0.433,0.0803,0.0527,0.0774,3.31e+07,2.59e+05
5.47,0.16,0.428,0.079,0.053,0.077,0.16,0.428,0.079,0.053,0.077,3.31e+07,2.59e+05
5.58,0.161,0.432,0.0787,0.053,0.0775,0.161,0.432,0.0787,0.053,0.0775,3.32e+07,2.59e+05
5.25,0.16,0.435,0.0792,0.0526,0.0765,0.16,0.435,0.0792,0.0526,0.0765,3.32e+07,2.6e+05
5.32,0.161,0.435,0.0787,0.0528,0.0772,0.161,0.435,0.0787,0.0528,0.0772,3.33e+07,2.6e+05
5.32,0.158,0.427,0.0795,0.0526,0.0758,0.158,0.427,0.0795,0.0526,0.0758,3.33e+07,2.6e+05
5.37,0.159,0.432,0.0802,0.0518,0.0768,0.159,0.432,0.0802,0.0518,0.0768,3.33e+07,2.6e+05
5.3,0.16,0.435,0.0795,0.052,0.0772,0.16,0.435,0.0795,0.052,0.0772,3.34e+07,2.61e+05
5.31,0.16,0.431,0.0801,0.0527,0.0777,0.16,0.431,0.0801,0.0527,0.0777,3.34e+07,2.61e+05
5.52,0.16,0.433,0.0782,0.0521,0.0763,0.16,0.433,0.0782,0.0521,0.0763,3.34e+07,2.61e+05
5.42,0.16,0.429,0.0806,0.0517,0.0764,0.16,0.429,0.0806,0.0517,0.0764,3.35e+07,2.62e+05
5.35,0.158,0.427,0.0788,0.0523,0.0775,0.158,0.427,0.0788,0.0523,0.0775,3.35e+07,2.62e+05
5.23,0.16,0.434,0.0788,0.0526,0.0765,0.16,0.434,0.0788,0.0526,0.0765,3.36e+07,2.62e+05
5.38,0.16,0.433,0.0788,0.052,0.0767,0.16,0.433,0.0788,0.052,0.0767,3.36e+07,2.62e+05
5.21,0.159,0.431,0.0798,0.0523,0.0771,0.159,0.431,0.0798,0.0523,0.0771,3.36e+07,2.63e+05
5.47,0.16,0.428,0.0789,0.0529,0.076,0.16,0.428,0.0789,0.0529,0.076,3.37e+07,2.63e+05
5.31,0.16,0.428,0.0789,0.0525,0.077,0.16,0.428,0.0789,0.0525,0.077,3.37e+07,2.63e+05
5.42,0.159,0.429,0.0795,0.0511,0.0786,0.159,0.429,0.0795,0.0511,0.0786,3.38e+07,2.64e+05
5.3,0.159,0.429,0.0804,0.0518,0.0761,0.159,0.429,0.0804,0.0518,0.0761,3.38e+07,2.64e+05
5.27,0.16,0.432,0.0798,0.0517,0.0762,0.16,0.432,0.0798,0.0517,0.0762,3.38e+07,2.64e+05
5.2,0.158,0.428,0.0788,0.052,0.075,0.158,0.428,0.0788,0.052,0.075,3.39e+07,2.65e+05
5.52,0.158,0.425,0.0797,0.052,0.0753,0.158,0.425,0.0797,0.052,0.0753,3.39e+07,2.65e+05
5.36,0.159,0.43,0.0798,0.0517,0.0757,0.159,0.43,0.0798,0.0517,0.0757,3.39e+07,2.65e+05
5.35,0.158,0.425,0.0789,0.0522,0.0765,0.158,0.425,0.0789,0.0522,0.0765,3.4e+07,2.66e+05
5.27,0.16,0.426,0.0786,0.0522,0.0771,0.16,0.426,0.0786,0.0522,0.0771,3.4e+07,2.66e+05
5.45,0.158,0.426,0.0785,0.052,0.0778,0.158,0.426,0.0785,0.052,0.0778,3.41e+07,2.66e+05
5.34,0.16,0.434,0.0796,0.0516,0.0769,0.16,0.434,0.0796,0.0516,0.0769,3.41e+07,2.66e+05
5.38,0.159,0.427,0.0806,0.0533,0.0761,0.159,0.427,0.0806,0.0533,0.0761,3.41e+07,2.67e+05
5.46,0.16,0.431,0.0792,0.052,0.0765,0.16,0.431,0.0792,0.052,0.0765,3.42e+07,2.67e+05
5.47,0.16,0.432,0.0799,0.0526,0.0774,0.16,0.432,0.0799,0.0526,0.0774,3.42e+07,2.67e+05
5.35,0.162,0.436,0.0788,0.0522,0.0773,0.162,0.436,0.0788,0.0522,0.0773,3.43e+07,2.68e+05
5.42,0.16,0.425,0.0796,0.053,0.0777,0.16,0.425,0.0796,0.053,0.0777,3.43e+07,2.68e+05
5.38,0.16,0.428,0.0799,0.052,0.0776,0.16,0.428,0.0799,0.052,0.0776,3.43e+07,2.68e+05
5.23,0.158,0.424,0.0788,0.0526,0.0769,0.158,0.424,0.0788,0.0526,0.0769,3.44e+07,2.68e+05
5.36,0.16,0.435,0.0788,0.0513,0.0765,0.16,0.435,0.0788,0.0513,0.0765,3.44e+07,2.69e+05
5.28,0.158,0.435,0.0772,0.0516,0.0757,0.158,0.435,0.0772,0.0516,0.0757,3.44e+07,2.69e+05
5.49,0.16,0.432,0.0796,0.0519,0.0762,0.16,0.432,0.0796,0.0519,0.0762,3.45e+07,2.69e+05
5.24,0.16,0.427,0.0789,0.0533,0.0771,0.16,0.427,0.0789,0.0533,0.0771,3.45e+07,2.7e+05
5.29,0.159,0.43,0.0785,0.0525,0.078,0.159,0.43,0.0785,0.0525,0.078,3.46e+07,2.7e+05
5.36,0.159,0.432,0.0794,0.0514,0.0759,0.159,0.432,0.0794,0.0514,0.0759,3.46e+07,2.7e+05
5.38,0.16,0.432,0.0799,0.0524,0.0777,0.16,0.432,0.0799,0.0524,0.0777,3.46e+07,2.71e+05
5.18,0.16,0.432,0.0805,0.0518,0.0764,0.16,0.432,0.0805,0.0518,0.0764,3.47e+07,2.71e+05
5.39,0.159,0.424,0.0794,0.0528,0.0758,0.159,0.424,0.0794,0.0528,0.0758,3.47e+07,2.71e+05
5.24,0.159,0.428,0.0794,0.0515,0.0759,0.159,0.428,0.0794,0.0515,0.0759,3.48e+07,2.72e+05
5.39,0.16,0.436,0.0785,0.0522,0.0769,0.16,0.436,0.0785,0.0522,0.0769,3.48e+07,2.72e+05
5.49,0.161,0.437,0.0793,0.0517,0.0758,0.161,0.437,0.0793,0.0517,0.0758,3.48e+07,2.72e+05
5.35,0.16,0.432,0.079,0.0526,0.0767,0.16,0.432,0.079,0.0526,0.0767,3.49e+07,2.72e+05
5.43,0.158,0.425,0.0789,0.0527,0.0777,0.158,0.425,0.0789,0.0527,0.0777,3.49e+07,2.73e+05
5.37,0.16,0.43,0.0781,0.0522,0.0772,0.16,0.43,0.0781,0.0522,0.0772,3.49e+07,2.73e+05
5.43,0.158,0.424,0.0789,0.0525,0.0773,0.158,0.424,0.0789,0.0525,0.0773,3.5e+07,2.73e+05
5.33,0.159,0.428,0.079,0.0522,0.0764,0.159,0.428,0.079,0.0522,0.0764,3.5e+07,2.74e+05
5.42,0.159,0.432,0.0783,0.052,0.0771,0.159,0.432,0.0783,0.052,0.0771,3.51e+07,2.74e+05
5.33,0.159,0.432,0.0775,0.0516,0.0766,0.159,0.432,0.0775,0.0516,0.0766,3.51e+07,2.74e+05
5.36,0.158,0.429,0.0784,0.0522,0.0764,0.158,0.429,0.0784,0.0522,0.0764,3.51e+07,2.74e+05
5.25,0.159,0.434,0.0776,0.0518,0.0754,0.159,0.434,0.0776,0.0518,0.0754,3.52e+07,2.75e+05
5.36,0.159,0.432,0.0798,0.0521,0.0769,0.159,0.432,0.0798,0.0521,0.0769,3.52e+07,2.75e+05
5.23,0.157,0.426,0.0785,0.0523,0.075,0.157,0.426,0.0785,0.0523,0.075,3.53e+07,2.75e+05
5.25,0.16,0.434,0.0789,0.0522,0.0764,0.16,0.434,0.0789,0.0522,0.0764,3.53e+07,2.76e+05
5.45,0.159,0.426,0.0799,0.0533,0.0767,0.159,0.426,0.0799,0.0533,0.0767,3.53e+07,2.76e+05
5.44,0.16,0.431,0.0793,0.0525,0.0766,0.16,0.431,0.0793,0.0525,0.0766,3.54e+07,2.76e+05
5.22,0.16,0.432,0.0777,0.053,0.076,0.16,0.432,0.0777,0.053,0.076,3.54e+07,2.77e+05
5.47,0.162,0.437,0.0794,0.0523,0.0763,0.162,0.437,0.0794,0.0523,0.0763,3.54e+07,2.77e+05
5.42,0.16,0.428,0.079,0.0526,0.0759,0.16,0.428,0.079,0.0526,0.0759,3.55e+07,2.77e+05
5.38,0.16,0.435,0.0798,0.0526,0.0762,0.16,0.435,0.0798,0.0526,0.0762,3.55e+07,2.78e+05
5.27,0.159,0.428,0.0779,0.0524,0.076,0.159,0.428,0.0779,0.0524,0.076,3.56e+07,2.78e+05
5.29,0.159,0.431,0.0775,0.0518,0.0755,0.159,0.431,0.0775,0.0518,0.0755,3.56e+07,2.78e+05
5.33,0.161,0.436,0.0784,0.0521,0.0759,0.161,0.436,0.0784,0.0521,0.0759,3.56e+07,2.78e+05
5.43,0.157,0.427,0.0789,0.0522,0.076,0.157,0.427,0.0789,0.0522,0.076,3.57e+07,2.79e+05
5.35,0.159,0.431,0.0771,0.0531,0.0766,0.159,0.431,0.0771,0.0531,0.0766,3.57e+07,2.79e+05
5.31,0.161,0.434,0.0807,0.0524,0.0772,0.161,0.434,0.0807,0.0524,0.0772,3.58e+07,2.79e+05
5.25,0.161,0.424,0.0782,0.0529,0.0778,0.161,0.424,0.0782,0.0529,0.0778,3.58e+07,2.8e+05
5.36,0.162,0.434,0.0785,0.0518,0.0768,0.162,0.434,0.0785,0.0518,0.0768,3.58e+07,2.8e+05
5.47,0.161,0.432,0.0803,0.0528,0.0771,0.161,0.432,0.0803,0.0528,0.0771,3.59e+07,2.8e+05
5.5,0.16,0.429,0.0789,0.0519,0.0771,0.16,0.429,0.0789,0.0519,0.0771,3.59e+07,2.80e+05
5.37,0.16,0.43,0.0781,0.0525,0.0771,0.16,0.43,0.0781,0.0525,0.0771,3.59e+07,2.81e+05
5.36,0.161,0.43,0.0795,0.052,0.0766,0.161,0.43,0.0795,0.052,0.0766,3.6e+07,2.81e+05
5.35,0.16,0.433,0.0794,0.052,0.0769,0.16,0.433,0.0794,0.052,0.0769,3.6e+07,2.81e+05
5.42,0.161,0.431,0.0786,0.0521,0.0761,0.161,0.431,0.0786,0.0521,0.0761,3.61e+07,2.82e+05
5.35,0.158,0.427,0.0785,0.0522,0.0763,0.158,0.427,0.0785,0.0522,0.0763,3.61e+07,2.82e+05
5.29,0.161,0.433,0.0797,0.053,0.0763,0.161,0.433,0.0797,0.053,0.0763,3.61e+07,2.82e+05
5.4,0.157,0.424,0.0782,0.0524,0.075,0.157,0.424,0.0782,0.0524,0.075,3.62e+07,2.83e+05
5.29,0.157,0.427,0.0805,0.0509,0.0763,0.157,0.427,0.0805,0.0509,0.0763,3.62e+07,2.83e+05
5.42,0.16,0.427,0.0793,0.052,0.0768,0.16,0.427,0.0793,0.052,0.0768,3.62e+07,2.83e+05
5.33,0.159,0.432,0.078,0.0518,0.0767,0.159,0.432,0.078,0.0518,0.0767,3.63e+07,2.84e+05
5.32,0.159,0.431,0.0785,0.0521,0.0753,0.159,0.431,0.0785,0.0521,0.0753,3.63e+07,2.84e+05
5.31,0.158,0.426,0.0804,0.0526,0.0766,0.158,0.426,0.0804,0.0526,0.0766,3.64e+07,2.84e+05
5.32,0.158,0.428,0.0794,0.0517,0.0759,0.158,0.428,0.0794,0.0517,0.0759,3.64e+07,2.84e+05
5.3,0.158,0.425,0.0784,0.0518,0.0771,0.158,0.425,0.0784,0.0518,0.0771,3.64e+07,2.85e+05
5.29,0.16,0.431,0.0785,0.0518,0.0761,0.16,0.431,0.0785,0.0518,0.0761,3.65e+07,2.85e+05
5.37,0.159,0.431,0.079,0.0521,0.0765,0.159,0.431,0.079,0.0521,0.0765,3.65e+07,2.85e+05
5.43,0.16,0.434,0.0783,0.0521,0.0761,0.16,0.434,0.0783,0.0521,0.0761,3.66e+07,2.86e+05
5.33,0.158,0.426,0.0792,0.0516,0.0762,0.158,0.426,0.0792,0.0516,0.0762,3.66e+07,2.86e+05
5.29,0.159,0.434,0.0785,0.0513,0.076,0.159,0.434,0.0785,0.0513,0.076,3.66e+07,2.86e+05
5.12,0.156,0.422,0.0785,0.0522,0.0757,0.156,0.422,0.0785,0.0522,0.0757,3.67e+07,2.86e+05
5.31,0.157,0.428,0.0786,0.0518,0.0761,0.157,0.428,0.0786,0.0518,0.0761,3.67e+07,2.87e+05
5.31,0.159,0.434,0.079,0.0509,0.0754,0.159,0.434,0.079,0.0509,0.0754,3.67e+07,2.87e+05
5.09,0.16,0.426,0.08,0.0518,0.0765,0.16,0.426,0.08,0.0518,0.0765,3.68e+07,2.87e+05
5.36,0.159,0.431,0.0785,0.0522,0.0761,0.159,0.431,0.0785,0.0522,0.0761,3.68e+07,2.88e+05
5.39,0.16,0.427,0.0802,0.0521,0.0766,0.16,0.427,0.0802,0.0521,0.0766,3.69e+07,2.88e+05
5.48,0.158,0.426,0.0799,0.0517,0.0761,0.158,0.426,0.0799,0.0517,0.0761,3.69e+07,2.88e+05
5.32,0.16,0.431,0.0802,0.0523,0.0763,0.16,0.431,0.0802,0.0523,0.0763,3.69e+07,2.89e+05
5.32,0.157,0.426,0.079,0.0521,0.0761,0.157,0.426,0.079,0.0521,0.0761,3.7e+07,2.89e+05
5.13,0.159,0.429,0.0794,0.0515,0.0764,0.159,0.429,0.0794,0.0515,0.0764,3.7e+07,2.89e+05
5.37,0.159,0.428,0.0795,0.0528,0.0774,0.159,0.428,0.0795,0.0528,0.0774,3.71e+07,2.9e+05
5.22,0.159,0.428,0.0799,0.0518,0.0767,0.159,0.428,0.0799,0.0518,0.0767,3.71e+07,2.9e+05
5.22,0.158,0.428,0.0787,0.0518,0.0762,0.158,0.428,0.0787,0.0518,0.0762,3.71e+07,2.9e+05
5.2,0.158,0.428,0.0794,0.0515,0.0758,0.158,0.428,0.0794,0.0515,0.0758,3.72e+07,2.9e+05
5.24,0.157,0.424,0.0798,0.0514,0.0761,0.157,0.424,0.0798,0.0514,0.0761,3.72e+07,2.91e+05
5.33,0.158,0.429,0.0781,0.0525,0.0768,0.158,0.429,0.0781,0.0525,0.0768,3.72e+07,2.91e+05
5.38,0.161,0.427,0.0787,0.0531,0.0758,0.161,0.427,0.0787,0.0531,0.0758,3.73e+07,2.91e+05
5.36,0.157,0.422,0.0792,0.0527,0.0759,0.157,0.422,0.0792,0.0527,0.0759,3.73e+07,2.92e+05
5.27,0.159,0.426,0.0794,0.0514,0.0769,0.159,0.426,0.0794,0.0514,0.0769,3.74e+07,2.92e+05
5.29,0.158,0.428,0.0787,0.0514,0.0762,0.158,0.428,0.0787,0.0514,0.0762,3.74e+07,2.92e+05
5.45,0.159,0.428,0.0779,0.0514,0.0762,0.159,0.428,0.0779,0.0514,0.0762,3.74e+07,2.92e+05
5.21,0.157,0.421,0.078,0.0527,0.0763,0.157,0.421,0.078,0.0527,0.0763,3.75e+07,2.93e+05
5.28,0.157,0.421,0.0789,0.0518,0.0765,0.157,0.421,0.0789,0.0518,0.0765,3.75e+07,2.93e+05
5.11,0.157,0.426,0.0787,0.0517,0.0761,0.157,0.426,0.0787,0.0517,0.0761,3.76e+07,2.93e+05
5.33,0.155,0.425,0.0774,0.0516,0.0757,0.155,0.425,0.0774,0.0516,0.0757,3.76e+07,2.94e+05
5.38,0.158,0.429,0.0777,0.0522,0.0748,0.158,0.429,0.0777,0.0522,0.0748,3.76e+07,2.94e+05
5.38,0.16,0.43,0.0778,0.0527,0.076,0.16,0.43,0.0778,0.0527,0.076,3.77e+07,2.94e+05
5.28,0.157,0.421,0.0787,0.0525,0.0754,0.157,0.421,0.0787,0.0525,0.0754,3.77e+07,2.95e+05
5.2,0.16,0.427,0.079,0.0521,0.0767,0.16,0.427,0.079,0.0521,0.0767,3.77e+07,2.95e+05
5.2,0.158,0.431,0.0786,0.0521,0.0761,0.158,0.431,0.0786,0.0521,0.0761,3.78e+07,2.95e+05
5.15,0.159,0.43,0.0778,0.0525,0.0767,0.159,0.43,0.0778,0.0525,0.0767,3.78e+07,2.96e+05
5.36,0.159,0.431,0.0778,0.0522,0.0764,0.159,0.431,0.0778,0.0522,0.0764,3.79e+07,2.96e+05
5.39,0.158,0.427,0.0792,0.0522,0.0759,0.158,0.427,0.0792,0.0522,0.0759,3.79e+07,2.96e+05
5.41,0.159,0.426,0.0794,0.0523,0.0766,0.159,0.426,0.0794,0.0523,0.0766,3.79e+07,2.96e+05
5.32,0.159,0.432,0.0795,0.0528,0.0763,0.159,0.432,0.0795,0.0528,0.0763,3.8e+07,2.97e+05
5.28,0.158,0.428,0.0798,0.0525,0.0768,0.158,0.428,0.0798,0.0525,0.0768,3.8e+07,2.97e+05
5.27,0.161,0.433,0.0793,0.0525,0.076,0.161,0.433,0.0793,0.0525,0.076,3.81e+07,2.97e+05
5.35,0.16,0.432,0.0785,0.0525,0.0758,0.16,0.432,0.0785,0.0525,0.0758,3.81e+07,2.98e+05
5.31,0.157,0.426,0.078,0.0519,0.0772,0.157,0.426,0.078,0.0519,0.0772,3.81e+07,2.98e+05
5.31,0.158,0.426,0.0779,0.0522,0.0766,0.158,0.426,0.0779,0.0522,0.0766,3.82e+07,2.98e+05
5.34,0.159,0.428,0.0781,0.0521,0.0774,0.159,0.428,0.0781,0.0521,0.0774,3.82e+07,2.98e+05
5.34,0.159,0.43,0.0786,0.0517,0.0761,0.159,0.43,0.0786,0.0517,0.0761,3.82e+07,2.99e+05
5.53,0.161,0.435,0.0794,0.0522,0.077,0.161,0.435,0.0794,0.0522,0.077,3.83e+07,2.99e+05
5.25,0.158,0.425,0.0791,0.0518,0.0763,0.158,0.425,0.0791,0.0518,0.0763,3.83e+07,2.99e+05
5.27,0.159,0.426,0.0793,0.0516,0.0763,0.159,0.426,0.0793,0.0516,0.0763,3.84e+07,3e+05
5.28,0.16,0.434,0.0783,0.0517,0.0764,0.16,0.434,0.0783,0.0517,0.0764,3.84e+07,3e+05
5.31,0.159,0.429,0.0792,0.0519,0.0774,0.159,0.429,0.0792,0.0519,0.0774,3.84e+07,3e+05
5.24,0.159,0.425,0.079,0.0525,0.0781,0.159,0.425,0.079,0.0525,0.0781,3.85e+07,3.01e+05
5.31,0.159,0.426,0.0775,0.0515,0.0766,0.159,0.426,0.0775,0.0515,0.0766,3.85e+07,3.01e+05
5.34,0.157,0.42,0.08,0.0522,0.0762,0.157,0.42,0.08,0.0522,0.0762,3.86e+07,3.01e+05
5.21,0.157,0.421,0.077,0.0521,0.0756,0.157,0.421,0.077,0.0521,0.0756,3.86e+07,3.02e+05
5.34,0.159,0.427,0.0787,0.0529,0.0753,0.159,0.427,0.0787,0.0529,0.0753,3.86e+07,3.02e+05
5.44,0.16,0.428,0.0796,0.0527,0.0765,0.16,0.428,0.0796,0.0527,0.0765,3.87e+07,3.02e+05
5.28,0.161,0.431,0.0788,0.0521,0.0769,0.161,0.431,0.0788,0.0521,0.0769,3.87e+07,3.02e+05
5.34,0.157,0.425,0.0772,0.0519,0.0778,0.157,0.425,0.0772,0.0519,0.0778,3.87e+07,3.03e+05
5.32,0.157,0.422,0.0799,0.0531,0.0757,0.157,0.422,0.0799,0.0531,0.0757,3.88e+07,3.03e+05
5.41,0.157,0.422,0.0785,0.0522,0.076,0.157,0.422,0.0785,0.0522,0.076,3.88e+07,3.03e+05
5.42,0.16,0.43,0.0804,0.0519,0.0777,0.16,0.43,0.0804,0.0519,0.0777,3.89e+07,3.04e+05
5.39,0.16,0.426,0.0799,0.0523,0.0771,0.16,0.426,0.0799,0.0523,0.0771,3.89e+07,3.04e+05
5.31,0.157,0.423,0.079,0.0523,0.0768,0.157,0.423,0.079,0.0523,0.0768,3.89e+07,3.04e+05
5.5,0.157,0.42,0.0801,0.0522,0.0772,0.157,0.42,0.0801,0.0522,0.0772,3.9e+07,3.04e+05
5.39,0.161,0.436,0.0781,0.0523,0.0763,0.161,0.436,0.0781,0.0523,0.0763,3.9e+07,3.05e+05
5.32,0.161,0.43,0.0788,0.0513,0.0774,0.161,0.43,0.0788,0.0513,0.0774,3.91e+07,3.05e+05
5.09,0.157,0.428,0.0787,0.0517,0.0757,0.157,0.428,0.0787,0.0517,0.0757,3.91e+07,3.05e+05
5.24,0.158,0.422,0.078,0.052,0.0755,0.158,0.422,0.078,0.052,0.0755,3.91e+07,3.06e+05
5.25,0.158,0.427,0.0778,0.0517,0.0769,0.158,0.427,0.0778,0.0517,0.0769,3.92e+07,3.06e+05
5.17,0.158,0.433,0.0786,0.0519,0.0764,0.158,0.433,0.0786,0.0519,0.0764,3.92e+07,3.06e+05
5.34,0.159,0.42,0.08,0.0516,0.0759,0.159,0.42,0.08,0.0516,0.0759,3.92e+07,3.07e+05
5.14,0.157,0.423,0.0787,0.0525,0.0753,0.157,0.423,0.0787,0.0525,0.0753,3.93e+07,3.07e+05
5.25,0.159,0.428,0.078,0.0516,0.0758,0.159,0.428,0.078,0.0516,0.0758,3.93e+07,3.07e+05
5.28,0.159,0.429,0.0789,0.0521,0.0764,0.159,0.429,0.0789,0.0521,0.0764,3.94e+07,3.08e+05
5.25,0.16,0.436,0.0768,0.0523,0.077,0.16,0.436,0.0768,0.0523,0.077,3.94e+07,3.08e+05
5.3,0.158,0.427,0.0784,0.0525,0.0763,0.158,0.427,0.0784,0.0525,0.0763,3.94e+07,3.08e+05
5.35,0.157,0.423,0.079,0.0508,0.0764,0.157,0.423,0.079,0.0508,0.0764,3.95e+07,3.08e+05
5.37,0.159,0.428,0.0796,0.0522,0.0757,0.159,0.428,0.0796,0.0522,0.0757,3.95e+07,3.09e+05
5.43,0.16,0.427,0.0783,0.0519,0.0762,0.16,0.427,0.0783,0.0519,0.0762,3.96e+07,3.09e+05
5.25,0.159,0.426,0.0786,0.052,0.0774,0.159,0.426,0.0786,0.052,0.0774,3.96e+07,3.09e+05
5.34,0.158,0.428,0.0787,0.0514,0.0765,0.158,0.428,0.0787,0.0514,0.0765,3.96e+07,3.1e+05
5.28,0.159,0.431,0.0788,0.0518,0.0767,0.159,0.431,0.0788,0.0518,0.0767,3.97e+07,3.1e+05
5.35,0.158,0.431,0.0775,0.053,0.0751,0.158,0.431,0.0775,0.053,0.0751,3.97e+07,3.1e+05
5.44,0.158,0.425,0.0788,0.0522,0.0768,0.158,0.425,0.0788,0.0522,0.0768,3.97e+07,3.10e+05
5.24,0.158,0.428,0.0797,0.0521,0.0759,0.158,0.428,0.0797,0.0521,0.0759,3.98e+07,3.11e+05
5.2,0.157,0.425,0.0781,0.052,0.0769,0.157,0.425,0.0781,0.052,0.0769,3.98e+07,3.11e+05
5.28,0.156,0.42,0.0783,0.052,0.0753,0.156,0.42,0.0783,0.052,0.0753,3.99e+07,3.11e+05
5.33,0.157,0.426,0.0802,0.0525,0.077,0.157,0.426,0.0802,0.0525,0.077,3.99e+07,3.12e+05
5.29,0.158,0.425,0.0779,0.0524,0.076,0.158,0.425,0.0779,0.0524,0.076,3.99e+07,3.12e+05
5.23,0.16,0.43,0.0791,0.0523,0.0765,0.16,0.43,0.0791,0.0523,0.0765,4e+07,3.12e+05
5.29,0.158,0.425,0.0789,0.0518,0.0758,0.158,0.425,0.0789,0.0518,0.0758,4e+07,3.13e+05
5.24,0.158,0.426,0.0795,0.0517,0.076,0.158,0.426,0.0795,0.0517,0.076,4.01e+07,3.13e+05
5.26,0.156,0.419,0.078,0.0526,0.0762,0.156,0.419,0.078,0.0526,0.0762,4.01e+07,3.13e+05
5.22,0.158,0.427,0.0781,0.0517,0.076,0.158,0.427,0.0781,0.0517,0.076,4.01e+07,3.14e+05
5.32,0.158,0.425,0.0777,0.052,0.0764,0.158,0.425,0.0777,0.052,0.0764,4.02e+07,3.14e+05
5.23,0.159,0.424,0.079,0.0523,0.077,0.159,0.424,0.079,0.0523,0.077,4.02e+07,3.14e+05
5.26,0.159,0.423,0.0797,0.0521,0.0778,0.159,0.423,0.0797,0.0521,0.0778,4.02e+07,3.14e+05
5.31,0.158,0.421,0.0785,0.0529,0.0768,0.158,0.421,0.0785,0.0529,0.0768,4.03e+07,3.15e+05
5.11,0.159,0.43,0.0787,0.0523,0.0765,0.159,0.43,0.0787,0.0523,0.0765,4.03e+07,3.15e+05
5.4,0.159,0.428,0.078,0.0522,0.0756,0.159,0.428,0.078,0.0522,0.0756,4.04e+07,3.15e+05
5.17,0.158,0.422,0.0777,0.0519,0.0773,0.158,0.422,0.0777,0.0519,0.0773,4.04e+07,3.16e+05
5.38,0.158,0.425,0.0777,0.0514,0.0763,0.158,0.425,0.0777,0.0514,0.0763,4.04e+07,3.16e+05
5.26,0.159,0.426,0.0784,0.0512,0.0759,0.159,0.426,0.0784,0.0512,0.0759,4.05e+07,3.16e+05
5.21,0.159,0.431,0.0784,0.0518,0.0772,0.159,0.431,0.0784,0.0518,0.0772,4.05e+07,3.16e+05
5.2,0.157,0.427,0.079,0.0517,0.0755,0.157,0.427,0.079,0.0517,0.0755,4.06e+07,3.17e+05
5.27,0.158,0.425,0.0785,0.0518,0.0766,0.158,0.425,0.0785,0.0518,0.0766,4.06e+07,3.17e+05
5.34,0.159,0.428,0.0786,0.0526,0.076,0.159,0.428,0.0786,0.0526,0.076,4.06e+07,3.17e+05
5.44,0.158,0.431,0.0784,0.0521,0.0771,0.158,0.431,0.0784,0.0521,0.0771,4.07e+07,3.18e+05
5.37,0.158,0.424,0.0794,0.0522,0.0767,0.158,0.424,0.0794,0.0522,0.0767,4.07e+07,3.18e+05
5.15,0.159,0.428,0.0788,0.052,0.0764,0.159,0.428,0.0788,0.052,0.0764,4.07e+07,3.18e+05
5.24,0.158,0.424,0.0792,0.0526,0.0774,0.158,0.424,0.0792,0.0526,0.0774,4.08e+07,3.19e+05
5.33,0.159,0.426,0.079,0.052,0.077,0.159,0.426,0.079,0.052,0.077,4.08e+07,3.19e+05
5.27,0.158,0.425,0.0794,0.0527,0.0765,0.158,0.425,0.0794,0.0527,0.0765,4.09e+07,3.19e+05
5.32,0.158,0.424,0.0801,0.0519,0.0757,0.158,0.424,0.0801,0.0519,0.0757,4.09e+07,3.2e+05
5.24,0.159,0.428,0.0799,0.0523,0.0758,0.159,0.428,0.0799,0.0523,0.0758,4.09e+07,3.2e+05
5.29,0.158,0.425,0.0785,0.0526,0.0762,0.158,0.425,0.0785,0.0526,0.0762,4.1e+07,3.2e+05
5.38,0.159,0.43,0.0789,0.0526,0.0767,0.159,0.43,0.0789,0.0526,0.0767,4.1e+07,3.2e+05
5.33,0.16,0.43,0.0796,0.0522,0.0763,0.16,0.43,0.0796,0.0522,0.0763,4.1e+07,3.21e+05
5.24,0.159,0.424,0.0782,0.052,0.0771,0.159,0.424,0.0782,0.052,0.0771,4.11e+07,3.21e+05
5.31,0.161,0.429,0.0792,0.0523,0.076,0.161,0.429,0.0792,0.0523,0.076,4.11e+07,3.21e+05
5.27,0.158,0.424,0.0792,0.0523,0.0759,0.158,0.424,0.0792,0.0523,0.0759,4.12e+07,3.22e+05
5.12,0.157,0.425,0.0797,0.0513,0.0766,0.157,0.425,0.0797,0.0513,0.0766,4.12e+07,3.22e+05
5.41,0.158,0.425,0.0792,0.0519,0.077,0.158,0.425,0.0792,0.0519,0.077,4.12e+07,3.22e+05
5.32,0.159,0.421,0.079,0.0524,0.0765,0.159,0.421,0.079,0.0524,0.0765,4.13e+07,3.22e+05
5.27,0.157,0.424,0.0785,0.0514,0.0768,0.157,0.424,0.0785,0.0514,0.0768,4.13e+07,3.23e+05
5.31,0.158,0.422,0.0784,0.0521,0.076,0.158,0.422,0.0784,0.0521,0.076,4.14e+07,3.23e+05
5.37,0.159,0.425,0.079,0.0524,0.0751,0.159,0.425,0.079,0.0524,0.0751,4.14e+07,3.23e+05
5.25,0.157,0.429,0.0799,0.0518,0.0756,0.157,0.429,0.0799,0.0518,0.0756,4.14e+07,3.24e+05
5.26,0.16,0.43,0.0796,0.0521,0.0759,0.16,0.43,0.0796,0.0521,0.0759,4.15e+07,3.24e+05
5.31,0.159,0.431,0.0776,0.0511,0.0768,0.159,0.431,0.0776,0.0511,0.0768,4.15e+07,3.24e+05
5.29,0.157,0.425,0.0784,0.0524,0.0757,0.157,0.425,0.0784,0.0524,0.0757,4.15e+07,3.25e+05
5.22,0.157,0.424,0.0777,0.0521,0.0767,0.157,0.424,0.0777,0.0521,0.0767,4.16e+07,3.25e+05
5.31,0.158,0.428,0.0782,0.0524,0.0767,0.158,0.428,0.0782,0.0524,0.0767,4.16e+07,3.25e+05
5.38,0.159,0.43,0.0798,0.0518,0.0757,0.159,0.43,0.0798,0.0518,0.0757,4.17e+07,3.26e+05
5.24,0.159,0.425,0.0798,0.0522,0.0757,0.159,0.425,0.0798,0.0522,0.0757,4.17e+07,3.26e+05
5.31,0.158,0.425,0.0777,0.0526,0.0769,0.158,0.425,0.0777,0.0526,0.0769,4.17e+07,3.26e+05
5.25,0.158,0.426,0.0774,0.0519,0.076,0.158,0.426,0.0774,0.0519,0.076,4.18e+07,3.26e+05
5.21,0.161,0.433,0.0785,0.0522,0.0767,0.161,0.433,0.0785,0.0522,0.0767,4.18e+07,3.27e+05
5.41,0.158,0.424,0.0797,0.0511,0.0765,0.158,0.424,0.0797,0.0511,0.0765,4.19e+07,3.27e+05
5.23,0.159,0.427,0.0796,0.0524,0.0767,0.159,0.427,0.0796,0.0524,0.0767,4.19e+07,3.27e+05
5.16,0.159,0.428,0.0787,0.0518,0.0762,0.159,0.428,0.0787,0.0518,0.0762,4.19e+07,3.28e+05
5.22,0.158,0.426,0.0765,0.0527,0.0758,0.158,0.426,0.0765,0.0527,0.0758,4.2e+07,3.28e+05
5.2,0.159,0.427,0.0791,0.0518,0.0762,0.159,0.427,0.0791,0.0518,0.0762,4.2e+07,3.28e+05
5.32,0.158,0.425,0.0775,0.0522,0.0753,0.158,0.425,0.0775,0.0522,0.0753,4.2e+07,3.28e+05
5.29,0.159,0.426,0.0776,0.0526,0.0776,0.159,0.426,0.0776,0.0526,0.0776,4.21e+07,3.29e+05
5.18,0.158,0.426,0.0792,0.0519,0.0762,0.158,0.426,0.0792,0.0519,0.0762,4.21e+07,3.29e+05
5.29,0.158,0.427,0.0788,0.0516,0.0753,0.158,0.427,0.0788,0.0516,0.0753,4.22e+07,3.29e+05
5.13,0.157,0.421,0.0769,0.0513,0.0761,0.157,0.421,0.0769,0.0513,0.0761,4.22e+07,3.3e+05
